{"textures":{"0":"modelengine:entity/nocsy_cat5"},"elements":[{"from":[7.760278,6.3862514,8.075486],"to":[13.760279,12.386251,8.150486],"faces":{"east":{"uv":[7.625,3.875,7.75,4.625],"tintindex":0,"rotation":0,"texture":"#0"},"south":{"uv":[1.75,4.625,2.5,5.375],"tintindex":0,"rotation":0,"texture":"#0"},"north":{"uv":[0.875,4.625,1.625,5.375],"tintindex":0,"rotation":0,"texture":"#0"},"west":{"uv":[7.625,4.75,7.75,5.5],"tintindex":0,"rotation":0,"texture":"#0"},"up":{"uv":[8.375,5.75,7.625,5.625],"tintindex":0,"rotation":0,"texture":"#0"},"down":{"uv":[8.375,5.875,7.625,6.0],"tintindex":0,"rotation":0,"texture":"#0"}},"rotation":{"origin":[11.560278,9.486252,7.950486],"angle":-22.5,"axis":"z"}},{"from":[2.29567,6.8862514,8.025486],"to":[8.29567,12.886251,8.025486],"faces":{"south":{"uv":[4.5,2.625,5.25,3.375],"tintindex":0,"rotation":0,"texture":"#0"},"north":{"uv":[4.375,4.375,5.125,5.125],"tintindex":0,"rotation":0,"texture":"#0"}},"rotation":{"origin":[4.4956703,9.886251,7.950486],"angle":22.5,"axis":"z"}},{"from":[7.760278,6.8862514,8.025486],"to":[13.760279,12.886251,8.025486],"faces":{"south":{"uv":[5.25,0.0,6.0,0.75],"tintindex":0,"rotation":0,"texture":"#0"},"north":{"uv":[2.625,4.75,3.375,5.5],"tintindex":0,"rotation":0,"texture":"#0"}},"rotation":{"origin":[11.560278,9.886251,7.950486],"angle":-22.5,"axis":"z"}},{"from":[2.29567,6.3862514,8.075486],"to":[8.29567,12.386251,8.150486],"faces":{"east":{"uv":[4.0,7.25,4.125,8.0],"tintindex":0,"rotation":0,"texture":"#0"},"south":{"uv":[0.0,4.625,0.75,5.375],"tintindex":0,"rotation":0,"texture":"#0"},"north":{"uv":[4.5,3.5,5.25,4.25],"tintindex":0,"rotation":0,"texture":"#0"},"west":{"uv":[7.625,2.75,7.75,3.5],"tintindex":0,"rotation":0,"texture":"#0"},"up":{"uv":[8.25,1.125,7.5,1.0],"tintindex":0,"rotation":0,"texture":"#0"},"down":{"uv":[8.375,3.625,7.625,3.75],"tintindex":0,"rotation":0,"texture":"#0"}},"rotation":{"origin":[4.4956703,9.486252,7.950486],"angle":22.5,"axis":"z"}}],"display":{"gui":{"rotation":[30,225,0]}}}