{"textures":{"0":"modelengine:entity/nikolai_the_apostate_anim"},"elements":[{"from":[6.8333335,6.8644514,7.353262],"to":[8.833334,9.114451,10.353262],"faces":{"east":{"uv":[8.75,11.625,9.125,11.875],"tintindex":0,"rotation":0,"texture":"#0"},"south":{"uv":[9.25,3.25,9.5,3.5],"tintindex":0,"rotation":0,"texture":"#0"},"north":{"uv":[8.0,2.25,8.25,2.5],"tintindex":0,"rotation":0,"texture":"#0"},"west":{"uv":[11.625,10.0,12.0,10.25],"tintindex":0,"rotation":0,"texture":"#0"},"up":{"uv":[11.875,10.625,11.625,10.25],"tintindex":0,"rotation":0,"texture":"#0"},"down":{"uv":[10.875,11.625,10.625,12.0],"tintindex":0,"rotation":0,"texture":"#0"}}},{"from":[5.8333335,3.6765041,13.029574],"to":[10.833334,9.926503,16.029575],"faces":{"east":{"uv":[10.0,10.375,10.375,11.125],"tintindex":0,"rotation":0,"texture":"#0"},"south":{"uv":[0.625,9.75,1.25,10.5],"tintindex":0,"rotation":0,"texture":"#0"},"north":{"uv":[0.0,9.75,0.625,10.5],"tintindex":0,"rotation":0,"texture":"#0"},"west":{"uv":[10.375,10.375,10.75,11.125],"tintindex":0,"rotation":0,"texture":"#0"},"up":{"uv":[11.625,1.75,11.0,1.375],"tintindex":0,"rotation":0,"texture":"#0"},"down":{"uv":[11.625,1.75,11.0,2.125],"tintindex":0,"rotation":0,"texture":"#0"}},"rotation":{"origin":[8.333334,5.176504,10.529574],"angle":-45.0,"axis":"x"}},{"from":[5.8333335,5.8644514,9.853262],"to":[9.833334,9.864451,12.353262],"faces":{"east":{"uv":[11.0,2.375,11.375,2.875],"tintindex":0,"rotation":0,"texture":"#0"},"south":{"uv":[10.625,3.625,11.125,4.125],"tintindex":0,"rotation":0,"texture":"#0"},"north":{"uv":[10.625,3.125,11.125,3.625],"tintindex":0,"rotation":0,"texture":"#0"},"west":{"uv":[4.75,11.0,5.125,11.5],"tintindex":0,"rotation":0,"texture":"#0"},"up":{"uv":[5.625,11.375,5.125,11.0],"tintindex":0,"rotation":0,"texture":"#0"},"down":{"uv":[7.75,11.0,7.25,11.375],"tintindex":0,"rotation":0,"texture":"#0"}},"rotation":{"origin":[7.8333335,7.8644514,10.853262],"angle":-22.5,"axis":"x"}}],"display":{"gui":{"rotation":[30,225,0]}}}