{"textures":{"0":"modelengine:entity/nikolai_the_apostate_anim"},"elements":[{"from":[7.5238676,4.2896795,-5.302685],"to":[8.523868,5.2896795,-0.5526848],"faces":{"east":{"uv":[7.25,11.75,7.875,11.875],"tintindex":0,"rotation":0,"texture":"#0"},"south":{"uv":[3.75,12.0,3.875,12.125],"tintindex":0,"rotation":0,"texture":"#0"},"north":{"uv":[12.0,3.625,12.125,3.75],"tintindex":0,"rotation":0,"texture":"#0"},"west":{"uv":[7.875,11.75,8.5,11.875],"tintindex":0,"rotation":0,"texture":"#0"},"up":{"uv":[6.375,12.25,6.25,11.625],"tintindex":0,"rotation":0,"texture":"#0"},"down":{"uv":[1.25,11.75,1.125,12.375],"tintindex":0,"rotation":0,"texture":"#0"}}},{"from":[9.763084,7.7896795,-7.140336],"to":[10.513084,8.28968,-3.140336],"faces":{"east":{"uv":[11.875,0.125,12.375,0.25],"tintindex":0,"rotation":0,"texture":"#0"},"south":{"uv":[1.0,12.0,1.125,12.125],"tintindex":0,"rotation":0,"texture":"#0"},"north":{"uv":[0.875,12.0,1.0,12.125],"tintindex":0,"rotation":0,"texture":"#0"},"west":{"uv":[2.375,11.875,2.875,12.0],"tintindex":0,"rotation":0,"texture":"#0"},"up":{"uv":[2.125,12.375,2.0,11.875],"tintindex":0,"rotation":0,"texture":"#0"},"down":{"uv":[2.25,11.875,2.125,12.375],"tintindex":0,"rotation":0,"texture":"#0"}},"rotation":{"origin":[10.988085,8.03968,-3.015336],"angle":-45.0,"axis":"y"}},{"from":[8.081926,7.5396795,-7.925082],"to":[8.831926,8.53968,-4.425083],"faces":{"east":{"uv":[11.75,11.25,12.25,11.375],"tintindex":0,"rotation":0,"texture":"#0"},"south":{"uv":[11.75,11.875,11.875,12.0],"tintindex":0,"rotation":0,"texture":"#0"},"north":{"uv":[11.875,11.625,12.0,11.75],"tintindex":0,"rotation":0,"texture":"#0"},"west":{"uv":[11.75,11.375,12.25,11.5],"tintindex":0,"rotation":0,"texture":"#0"},"up":{"uv":[10.5,12.25,10.375,11.75],"tintindex":0,"rotation":0,"texture":"#0"},"down":{"uv":[10.625,11.75,10.5,12.25],"tintindex":0,"rotation":0,"texture":"#0"}},"rotation":{"origin":[8.331926,8.03968,-4.800083],"angle":-45.0,"axis":"y"}},{"from":[7.7238674,2.493106,-9.011316],"to":[8.323868,3.743106,-5.1222286],"faces":{"east":{"uv":[11.875,4.5,12.375,4.625],"tintindex":0,"rotation":0,"texture":"#0"},"south":{"uv":[3.875,12.0,4.0,12.125],"tintindex":0,"rotation":0,"texture":"#0"},"north":{"uv":[12.0,3.75,12.125,3.875],"tintindex":0,"rotation":0,"texture":"#0"},"west":{"uv":[11.875,4.625,12.375,4.75],"tintindex":0,"rotation":0,"texture":"#0"},"up":{"uv":[4.75,12.375,4.625,11.875],"tintindex":0,"rotation":0,"texture":"#0"},"down":{"uv":[4.875,11.875,4.75,12.375],"tintindex":0,"rotation":0,"texture":"#0"}},"rotation":{"origin":[8.023868,3.118106,-8.497229],"angle":45.0,"axis":"x"}},{"from":[5.480087,7.7896795,-7.140336],"to":[6.230087,8.28968,-3.140336],"faces":{"east":{"uv":[11.875,2.875,12.375,3.0],"tintindex":0,"rotation":0,"texture":"#0"},"south":{"uv":[2.75,12.0,2.875,12.125],"tintindex":0,"rotation":0,"texture":"#0"},"north":{"uv":[2.625,12.0,2.75,12.125],"tintindex":0,"rotation":0,"texture":"#0"},"west":{"uv":[3.5,11.875,4.0,12.0],"tintindex":0,"rotation":0,"texture":"#0"},"up":{"uv":[3.25,12.375,3.125,11.875],"tintindex":0,"rotation":0,"texture":"#0"},"down":{"uv":[3.375,11.875,3.25,12.375],"tintindex":0,"rotation":0,"texture":"#0"}},"rotation":{"origin":[5.005087,8.03968,-3.015336],"angle":45.0,"axis":"y"}},{"from":[7.2738676,7.2896795,-13.052687],"to":[8.773868,8.78968,-7.302685],"faces":{"east":{"uv":[11.0,8.5,11.75,8.75],"tintindex":0,"rotation":0,"texture":"#0"},"south":{"uv":[11.75,8.625,12.0,8.875],"tintindex":0,"rotation":0,"texture":"#0"},"north":{"uv":[8.5,11.75,8.75,12.0],"tintindex":0,"rotation":0,"texture":"#0"},"west":{"uv":[11.0,8.75,11.75,9.0],"tintindex":0,"rotation":0,"texture":"#0"},"up":{"uv":[9.5,11.75,9.25,11.0],"tintindex":0,"rotation":0,"texture":"#0"},"down":{"uv":[9.75,11.0,9.5,11.75],"tintindex":0,"rotation":0,"texture":"#0"}}},{"from":[7.0112453,7.5396795,-7.925082],"to":[7.7612453,8.53968,-4.425083],"faces":{"east":{"uv":[11.75,9.75,12.25,9.875],"tintindex":0,"rotation":0,"texture":"#0"},"south":{"uv":[9.125,7.375,9.25,7.5],"tintindex":0,"rotation":0,"texture":"#0"},"north":{"uv":[7.375,4.75,7.5,4.875],"tintindex":0,"rotation":0,"texture":"#0"},"west":{"uv":[11.75,9.875,12.25,10.0],"tintindex":0,"rotation":0,"texture":"#0"},"up":{"uv":[5.5,12.25,5.375,11.75],"tintindex":0,"rotation":0,"texture":"#0"},"down":{"uv":[7.0,11.75,6.875,12.25],"tintindex":0,"rotation":0,"texture":"#0"}},"rotation":{"origin":[7.5112453,8.03968,-4.800083],"angle":45.0,"axis":"y"}},{"from":[6.2738676,7.2896795,-10.552687],"to":[7.2738676,8.78968,-7.8026857],"faces":{"east":{"uv":[11.5,11.625,11.875,11.875],"tintindex":0,"rotation":0,"texture":"#0"},"south":{"uv":[4.375,10.625,4.5,10.875],"tintindex":0,"rotation":0,"texture":"#0"},"north":{"uv":[7.25,5.75,7.375,6.0],"tintindex":0,"rotation":0,"texture":"#0"},"west":{"uv":[0.0,11.75,0.375,12.0],"tintindex":0,"rotation":0,"texture":"#0"},"up":{"uv":[5.875,12.25,5.75,11.875],"tintindex":0,"rotation":0,"texture":"#0"},"down":{"uv":[6.0,11.875,5.875,12.25],"tintindex":0,"rotation":0,"texture":"#0"}}},{"from":[7.0238676,6.7896795,-4.552685],"to":[9.023868,9.03968,-1.0526848],"faces":{"east":{"uv":[11.5,7.5,12.0,7.75],"tintindex":0,"rotation":0,"texture":"#0"},"south":{"uv":[4.375,11.875,4.625,12.125],"tintindex":0,"rotation":0,"texture":"#0"},"north":{"uv":[4.0,11.875,4.25,12.125],"tintindex":0,"rotation":0,"texture":"#0"},"west":{"uv":[11.5,7.75,12.0,8.0],"tintindex":0,"rotation":0,"texture":"#0"},"up":{"uv":[11.75,10.0,11.5,9.5],"tintindex":0,"rotation":0,"texture":"#0"},"down":{"uv":[11.875,0.375,11.625,0.875],"tintindex":0,"rotation":0,"texture":"#0"}}},{"from":[10.255022,7.7896795,-7.8607435],"to":[11.005022,8.28968,1.3892565],"faces":{"east":{"uv":[4.5,3.625,5.625,3.75],"tintindex":0,"rotation":0,"texture":"#0"},"south":{"uv":[12.0,0.625,12.125,0.75],"tintindex":0,"rotation":0,"texture":"#0"},"north":{"uv":[12.0,0.5,12.125,0.625],"tintindex":0,"rotation":0,"texture":"#0"},"west":{"uv":[11.0,9.375,12.125,9.5],"tintindex":0,"rotation":0,"texture":"#0"},"up":{"uv":[6.5,12.375,6.375,11.25],"tintindex":0,"rotation":0,"texture":"#0"},"down":{"uv":[6.625,11.25,6.5,12.375],"tintindex":0,"rotation":0,"texture":"#0"}},"rotation":{"origin":[10.630022,8.03968,-4.1107435],"angle":-22.5,"axis":"y"}},{"from":[7.2738676,6.2896795,-11.802687],"to":[8.773868,7.2896795,-8.052687],"faces":{"east":{"uv":[11.75,8.875,12.25,9.0],"tintindex":0,"rotation":0,"texture":"#0"},"south":{"uv":[6.0,8.875,6.25,9.0],"tintindex":0,"rotation":0,"texture":"#0"},"north":{"uv":[8.5,8.75,8.75,8.875],"tintindex":0,"rotation":0,"texture":"#0"},"west":{"uv":[9.25,11.75,9.75,11.875],"tintindex":0,"rotation":0,"texture":"#0"},"up":{"uv":[7.125,2.25,6.875,1.75],"tintindex":0,"rotation":0,"texture":"#0"},"down":{"uv":[7.75,9.0,7.5,9.5],"tintindex":0,"rotation":0,"texture":"#0"}}},{"from":[7.7238674,0.28967905,-6.552685],"to":[8.323868,1.5396795,0.19731474],"faces":{"east":{"uv":[11.5,9.0,12.375,9.125],"tintindex":0,"rotation":0,"texture":"#0"},"south":{"uv":[3.625,12.0,3.75,12.125],"tintindex":0,"rotation":0,"texture":"#0"},"north":{"uv":[3.5,12.0,3.625,12.125],"tintindex":0,"rotation":0,"texture":"#0"},"west":{"uv":[11.5,9.125,12.375,9.25],"tintindex":0,"rotation":0,"texture":"#0"},"up":{"uv":[2.0,8.625,1.875,7.75],"tintindex":0,"rotation":0,"texture":"#0"},"down":{"uv":[4.0,9.75,3.875,10.625],"tintindex":0,"rotation":0,"texture":"#0"}}},{"from":[7.2738676,7.2896795,-6.302685],"to":[8.773868,8.78968,29.447313],"faces":{"east":{"uv":[3.5,2.25,8.0,2.5],"tintindex":0,"rotation":0,"texture":"#0"},"south":{"uv":[6.625,11.75,6.875,12.0],"tintindex":0,"rotation":0,"texture":"#0"},"north":{"uv":[8.75,10.5,9.0,10.75],"tintindex":0,"rotation":0,"texture":"#0"},"west":{"uv":[4.25,3.75,8.75,4.0],"tintindex":0,"rotation":0,"texture":"#0"},"up":{"uv":[2.25,8.625,2.0,4.125],"tintindex":0,"rotation":0,"texture":"#0"},"down":{"uv":[4.5,4.0,4.25,8.5],"tintindex":0,"rotation":0,"texture":"#0"}}},{"from":[9.504037,7.7896795,-7.6295214],