{"textures":{"0":"modelengine:entity/bs_cc_hippo_texture"},"elements":[{"from":[6.229402,8.638642,7.0947547],"to":[7.229402,11.638642,10.094755],"faces":{"east":{"uv":[4.5,11.5,5.25,12.25],"tintindex":0,"rotation":0,"texture":"#0"},"south":{"uv":[6.0,1.0,6.25,1.75],"tintindex":0,"rotation":0,"texture":"#0"},"north":{"uv":[5.75,3.5,6.0,4.25],"tintindex":0,"rotation":0,"texture":"#0"},"west":{"uv":[9.0,11.5,9.75,12.25],"tintindex":0,"rotation":0,"texture":"#0"},"up":{"uv":[8.25,0.75,8.0,0.0],"tintindex":0,"rotation":0,"texture":"#0"},"down":{"uv":[9.25,9.75,9.0,10.5],"tintindex":0,"rotation":0,"texture":"#0"}},"rotation":{"origin":[7.729402,9.138642,7.8447547],"angle":45.0,"axis":"x"}},{"from":[5.229402,11.638642,7.0947547],"to":[6.229402,11.638642,10.094755],"faces":{"up":{"uv":[0.25,12.75,0.0,12.0],"tintindex":0,"rotation":0,"texture":"#0"},"down":{"uv":[0.5,12.0,0.25,12.75],"tintindex":0,"rotation":0,"texture":"#0"}},"rotation":{"origin":[7.729402,9.138642,7.8447547],"angle":45.0,"axis":"x"}},{"from":[5.229402,8.638642,7.0947547],"to":[6.229402,11.638642,7.0947547],"faces":{"south":{"uv":[11.75,11.75,12.0,12.5],"tintindex":0,"rotation":0,"texture":"#0"},"north":{"uv":[7.25,11.75,7.5,12.5],"tintindex":0,"rotation":0,"texture":"#0"}},"rotation":{"origin":[7.729402,9.138642,7.8447547],"angle":45.0,"axis":"x"}},{"from":[5.229402,9.638642,10.094755],"to":[6.229402,11.638642,10.094755],"faces":{"south":{"uv":[12.0,1.0,12.25,1.5],"tintindex":0,"rotation":0,"texture":"#0"},"north":{"uv":[8.0,9.25,8.25,9.75],"tintindex":0,"rotation":0,"texture":"#0"}},"rotation":{"origin":[7.729402,9.138642,7.8447547],"angle":45.0,"axis":"x"}}],"display":{"gui":{"rotation":[30,225,0]}}}