{"textures":{"0":"modelengine:entity/bs_cc_hippo_texture"},"elements":[{"from":[8.770598,8.638642,6.0947547],"to":[9.770598,11.638642,9.094755],"faces":{"east":{"uv":[11.75,0.0,12.5,0.75],"tintindex":0,"rotation":0,"texture":"#0"},"south":{"uv":[0.75,12.0,1.0,12.75],"tintindex":0,"rotation":0,"texture":"#0"},"north":{"uv":[0.5,12.0,0.75,12.75],"tintindex":0,"rotation":0,"texture":"#0"},"west":{"uv":[11.75,2.25,12.5,3.0],"tintindex":0,"rotation":0,"texture":"#0"},"up":{"uv":[4.0,12.75,3.75,12.0],"tintindex":0,"rotation":0,"texture":"#0"},"down":{"uv":[4.25,12.0,4.0,12.75],"tintindex":0,"rotation":0,"texture":"#0"}},"rotation":{"origin":[8.270598,9.138642,6.8447547],"angle":45.0,"axis":"x"}},{"from":[9.770598,9.638642,9.094755],"to":[10.770597,11.638642,9.094755],"faces":{"south":{"uv":[8.0,12.0,8.25,12.5],"tintindex":0,"rotation":0,"texture":"#0"},"north":{"uv":[7.75,12.0,8.0,12.5],"tintindex":0,"rotation":0,"texture":"#0"}},"rotation":{"origin":[8.270598,9.138642,6.8447547],"angle":45.0,"axis":"x"}},{"from":[9.770598,11.638642,6.0947547],"to":[10.770597,11.638642,9.094755],"faces":{"up":{"uv":[12.25,8.0,12.0,7.25],"tintindex":0,"rotation":0,"texture":"#0"},"down":{"uv":[7.75,12.0,7.5,12.75],"tintindex":0,"rotation":0,"texture":"#0"}},"rotation":{"origin":[8.270598,9.138642,6.8447547],"angle":45.0,"axis":"x"}},{"from":[9.770598,8.638642,6.0947547],"to":[10.770597,11.638642,6.0947547],"faces":{"south":{"uv":[12.0,6.5,12.25,7.25],"tintindex":0,"rotation":0,"texture":"#0"},"north":{"uv":[4.25,12.0,4.5,12.75],"tintindex":0,"rotation":0,"texture":"#0"}},"rotation":{"origin":[8.270598,9.138642,6.8447547],"angle":45.0,"axis":"x"}}],"display":{"gui":{"rotation":[30,225,0]}}}