{"textures":{"0":"modelengine:entity/bl_flying_spider"},"elements":[{"from":[2.5,2.18297,6.96088],"to":[13.5,13.18297,17.96088],"faces":{"east":{"uv":[4.666667,1.8333334,6.5,3.6666667],"tintindex":0,"rotation":0,"texture":"#0"},"south":{"uv":[4.666667,3.6666667,6.5,5.5],"tintindex":0,"rotation":0,"texture":"#0"},"north":{"uv":[4.666667,0.0,6.5,1.8333334],"tintindex":0,"rotation":0,"texture":"#0"},"west":{"uv":[4.666667,5.5,6.5,7.3333335],"tintindex":0,"rotation":0,"texture":"#0"},"up":{"uv":[8.333334,1.8333334,6.5,0.0],"tintindex":0,"rotation":0,"texture":"#0"},"down":{"uv":[8.333334,1.8333334,6.5,3.6666667],"tintindex":0,"rotation":0,"texture":"#0"}}}],"display":{"gui":{"rotation":[30,225,0]}}}