{"textures":{"0":"modelengine:entity/bl_flying_spider"},"elements":[{"from":[8.65,8.0,7.5],"to":[9.65,9.0,8.5],"faces":{"east":{"uv":[9.666667,10.166667,9.833334,10.333334],"tintindex":0,"rotation":0,"texture":"#0"},"south":{"uv":[9.666667,10.333334,9.833334,10.5],"tintindex":0,"rotation":0,"texture":"#0"},"north":{"uv":[10.166667,6.5,10.333334,6.666667],"tintindex":0,"rotation":0,"texture":"#0"},"west":{"uv":[10.5,5.3333335,10.666667,5.5],"tintindex":0,"rotation":0,"texture":"#0"},"up":{"uv":[10.666667,5.666667,10.5,5.5],"tintindex":0,"rotation":0,"texture":"#0"},"down":{"uv":[10.666667,5.666667,10.5,5.8333335],"tintindex":0,"rotation":0,"texture":"#0"}}}],"display":{"gui":{"rotation":[30,225,0]}}}