{"textures":{"0":"modelengine:entity/bl_flying_spider"},"elements":[{"from":[6.295,1.5160003,7.205],"to":[8.295,11.516001,9.205],"faces":{"east":{"uv":[9.0,11.833334,9.333334,13.5],"tintindex":0,"rotation":0,"texture":"#0"},"south":{"uv":[9.333334,11.833334,9.666667,13.5],"tintindex":0,"rotation":0,"texture":"#0"},"north":{"uv":[8.666667,11.833334,9.0,13.5],"tintindex":0,"rotation":0,"texture":"#0"},"west":{"uv":[0.0,12.0,0.33333334,13.666667],"tintindex":0,"rotation":0,"texture":"#0"},"up":{"uv":[14.166667,3.0,13.833334,2.6666667],"tintindex":0,"rotation":0,"texture":"#0"},"down":{"uv":[14.166667,3.0,13.833334,3.3333335],"tintindex":0,"rotation":0,"texture":"#0"}}}],"display":{"gui":{"rotation":[30,225,0]}}}