{"textures":{"0":"modelengine:entity/bl_flying_spider"},"elements":[{"from":[4.76903,7.0934,7.02071],"to":[8.76903,9.093401,9.02071],"faces":{"east":{"uv":[0.6666667,13.666667,1.0,14.0],"tintindex":0,"rotation":0,"texture":"#0"},"south":{"uv":[12.833334,13.166667,13.5,13.5],"tintindex":0,"rotation":0,"texture":"#0"},"north":{"uv":[3.3333335,13.166667,4.0,13.5],"tintindex":0,"rotation":0,"texture":"#0"},"west":{"uv":[1.0,13.666667,1.3333334,14.0],"tintindex":0,"rotation":0,"texture":"#0"},"up":{"uv":[14.0,5.5,13.333334,5.166667],"tintindex":0,"rotation":0,"texture":"#0"},"down":{"uv":[14.0,5.5,13.333334,5.8333335],"tintindex":0,"rotation":0,"texture":"#0"}}}],"display":{"gui":{"rotation":[30,225,0]}}}