{"textures":{"0":"modelengine:entity/bl_flying_spider"},"elements":[{"from":[7.705,2.2660003,7.205],"to":[9.705,12.266,9.205],"faces":{"east":{"uv":[11.333334,10.5,11.666667,12.166667],"tintindex":0,"rotation":0,"texture":"#0"},"south":{"uv":[10.833334,11.333334,11.166667,13.0],"tintindex":0,"rotation":0,"texture":"#0"},"north":{"uv":[11.333334,8.833334,11.666667,10.5],"tintindex":0,"rotation":0,"texture":"#0"},"west":{"uv":[11.5,0.0,11.833334,1.6666667],"tintindex":0,"rotation":0,"texture":"#0"},"up":{"uv":[14.0,11.833334,13.666667,11.5],"tintindex":0,"rotation":0,"texture":"#0"},"down":{"uv":[14.0,11.833334,13.666667,12.166667],"tintindex":0,"rotation":0,"texture":"#0"}}}],"display":{"gui":{"rotation":[30,225,0]}}}