{"textures":{"0":"modelengine:entity/bl_flying_spider"},"elements":[{"from":[7.0,8.0,5.75],"to":[9.0,10.0,7.75],"faces":{"east":{"uv":[13.666667,9.166667,14.0,9.5],"tintindex":0,"rotation":0,"texture":"#0"},"south":{"uv":[13.666667,9.5,14.0,9.833334],"tintindex":0,"rotation":0,"texture":"#0"},"north":{"uv":[13.666667,8.833334,14.0,9.166667],"tintindex":0,"rotation":0,"texture":"#0"},"west":{"uv":[13.666667,9.833334,14.0,10.166667],"tintindex":0,"rotation":0,"texture":"#0"},"up":{"uv":[10.5,14.0,10.166667,13.666667],"tintindex":0,"rotation":0,"texture":"#0"},"down":{"uv":[14.0,10.166667,13.666667,10.5],"tintindex":0,"rotation":0,"texture":"#0"}}}],"display":{"gui":{"rotation":[30,225,0]}}}