{"textures":{"0":"modelengine:entity/bl_flying_spider"},"elements":[{"from":[7.23097,7.0934,7.02071],"to":[11.23097,9.093401,9.02071],"faces":{"east":{"uv":[13.166667,13.5,13.5,13.833334],"tintindex":0,"rotation":0,"texture":"#0"},"south":{"uv":[1.3333334,13.166667,2.0,13.5],"tintindex":0,"rotation":0,"texture":"#0"},"north":{"uv":[10.833334,13.0,11.5,13.333334],"tintindex":0,"rotation":0,"texture":"#0"},"west":{"uv":[13.5,13.5,13.833334,13.833334],"tintindex":0,"rotation":0,"texture":"#0"},"up":{"uv":[2.6666667,13.5,2.0,13.166667],"tintindex":0,"rotation":0,"texture":"#0"},"down":{"uv":[3.3333335,13.166667,2.6666667,13.5],"tintindex":0,"rotation":0,"texture":"#0"}}}],"display":{"gui":{"rotation":[30,225,0]}}}