{"textures":{"0":"modelengine:entity/bl_flying_spider"},"elements":[{"from":[6.295,2.2660003,6.795],"to":[8.295,12.266001,8.795],"faces":{"east":{"uv":[12.0,5.0,12.333334,6.666667],"tintindex":0,"rotation":0,"texture":"#0"},"south":{"uv":[12.0,6.666667,12.333334,8.333334],"tintindex":0,"rotation":0,"texture":"#0"},"north":{"uv":[12.0,3.3333335,12.333334,5.0],"tintindex":0,"rotation":0,"texture":"#0"},"west":{"uv":[12.0,8.333334,12.333334,10.0],"tintindex":0,"rotation":0,"texture":"#0"},"up":{"uv":[11.833334,14.166667,11.5,13.833334],"tintindex":0,"rotation":0,"texture":"#0"},"down":{"uv":[12.166667,13.833334,11.833334,14.166667],"tintindex":0,"rotation":0,"texture":"#0"}}}],"display":{"gui":{"rotation":[30,225,0]}}}