{"textures":{"0":"modelengine:entity/bl_flying_spider"},"elements":[{"from":[7.0,6.999999,7.0],"to":[13.0,9.0,9.0],"faces":{"east":{"uv":[0.0,13.666667,0.33333334,14.0],"tintindex":0,"rotation":0,"texture":"#0"},"south":{"uv":[12.833334,1.8333334,13.833334,2.1666667],"tintindex":0,"rotation":0,"texture":"#0"},"north":{"uv":[12.833334,1.5,13.833334,1.8333334],"tintindex":0,"rotation":0,"texture":"#0"},"west":{"uv":[0.33333334,13.666667,0.6666667,14.0],"tintindex":0,"rotation":0,"texture":"#0"},"up":{"uv":[13.833334,2.5,12.833334,2.1666667],"tintindex":0,"rotation":0,"texture":"#0"},"down":{"uv":[13.833334,2.5,12.833334,2.8333335],"tintindex":0,"rotation":0,"texture":"#0"}}}],"display":{"gui":{"rotation":[30,225,0]}}}