{"textures":{"0":"modelengine:entity/bl_flying_spider"},"elements":[{"from":[6.62412,5.3078504,7.0],"to":[8.624121,8.30785,9.0],"faces":{"east":{"uv":[13.333334,8.5,13.666667,9.0],"tintindex":0,"rotation":0,"texture":"#0"},"south":{"uv":[13.333334,9.0,13.666667,9.5],"tintindex":0,"rotation":0,"texture":"#0"},"north":{"uv":[13.333334,8.0,13.666667,8.5],"tintindex":0,"rotation":0,"texture":"#0"},"west":{"uv":[13.333334,9.5,13.666667,10.0],"tintindex":0,"rotation":0,"texture":"#0"},"up":{"uv":[14.0,11.166667,13.666667,10.833334],"tintindex":0,"rotation":0,"texture":"#0"},"down":{"uv":[14.0,11.166667,13.666667,11.5],"tintindex":0,"rotation":0,"texture":"#0"}}}],"display":{"gui":{"rotation":[30,225,0]}}}