{"textures":{"0":"modelengine:entity/bl_flying_spider"},"elements":[{"from":[6.30371,-1.9957209,6.5],"to":[9.30371,9.00428,9.5],"faces":{"east":{"uv":[0.5,10.166667,1.0,12.0],"tintindex":0,"rotation":0,"texture":"#0"},"south":{"uv":[1.0,10.166667,1.5,12.0],"tintindex":0,"rotation":0,"texture":"#0"},"north":{"uv":[0.0,10.166667,0.5,12.0],"tintindex":0,"rotation":0,"texture":"#0"},"west":{"uv":[4.5,10.333334,5.0,12.166667],"tintindex":0,"rotation":0,"texture":"#0"},"up":{"uv":[13.333334,8.166667,12.833334,7.666667],"tintindex":0,"rotation":0,"texture":"#0"},"down":{"uv":[13.333334,8.166667,12.833334,8.666667],"tintindex":0,"rotation":0,"texture":"#0"}}}],"display":{"gui":{"rotation":[30,225,0]}}}