{"textures":{"0":"modelengine:entity/bl_flying_spider"},"elements":[{"from":[6.6241198,5.3078604,7.0],"to":[8.62412,8.30786,9.0],"faces":{"east":{"uv":[12.166667,13.333334,12.5,13.833334],"tintindex":0,"rotation":0,"texture":"#0"},"south":{"uv":[12.5,13.333334,12.833334,13.833334],"tintindex":0,"rotation":0,"texture":"#0"},"north":{"uv":[13.333334,12.0,13.666667,12.5],"tintindex":0,"rotation":0,"texture":"#0"},"west":{"uv":[13.333334,12.5,13.666667,13.0],"tintindex":0,"rotation":0,"texture":"#0"},"up":{"uv":[14.166667,2.3333335,13.833334,2.0],"tintindex":0,"rotation":0,"texture":"#0"},"down":{"uv":[14.166667,2.3333335,13.833334,2.6666667],"tintindex":0,"rotation":0,"texture":"#0"}}}],"display":{"gui":{"rotation":[30,225,0]}}}