{"textures":{"0":"modelengine:entity/bl_flying_spider"},"elements":[{"from":[6.62412,5.30786,7.0],"to":[8.62412,8.307859,9.0],"faces":{"east":{"uv":[11.5,13.333334,11.833334,13.833334],"tintindex":0,"rotation":0,"texture":"#0"},"south":{"uv":[13.333334,11.5,13.666667,12.0],"tintindex":0,"rotation":0,"texture":"#0"},"north":{"uv":[11.166667,13.333334,11.5,13.833334],"tintindex":0,"rotation":0,"texture":"#0"},"west":{"uv":[11.833334,13.333334,12.166667,13.833334],"tintindex":0,"rotation":0,"texture":"#0"},"up":{"uv":[14.166667,1.0,13.833334,0.6666667],"tintindex":0,"rotation":0,"texture":"#0"},"down":{"uv":[14.166667,1.0,13.833334,1.3333334],"tintindex":0,"rotation":0,"texture":"#0"}}}],"display":{"gui":{"rotation":[30,225,0]}}}