{"textures":{"0":"modelengine:entity/bl_flying_spider"},"elements":[{"from":[7.0,4.52394,6.28303],"to":[9.0,8.52394,8.28303],"faces":{"east":{"uv":[10.5,5.8333335,10.833334,6.5],"tintindex":0,"rotation":0,"texture":"#0"},"south":{"uv":[4.0,13.166667,4.3333335,13.833334],"tintindex":0,"rotation":0,"texture":"#0"},"north":{"uv":[6.5,10.333334,6.8333335,11.0],"tintindex":0,"rotation":0,"texture":"#0"},"west":{"uv":[13.333334,5.8333335,13.666667,6.5],"tintindex":0,"rotation":0,"texture":"#0"},"up":{"uv":[14.0,6.5,13.666667,6.166667],"tintindex":0,"rotation":0,"texture":"#0"},"down":{"uv":[14.0,6.5,13.666667,6.8333335],"tintindex":0,"rotation":0,"texture":"#0"}}}],"display":{"gui":{"rotation":[30,225,0]}}}