{"textures":{"0":"modelengine:entity/bl_flying_spider"},"elements":[{"from":[5.52602,-1.8933296,6.5],"to":[8.52602,9.10667,9.5],"faces":{"east":{"uv":[10.333334,10.166667,10.833334,12.0],"tintindex":0,"rotation":0,"texture":"#0"},"south":{"uv":[1.5,10.5,2.0,12.333334],"tintindex":0,"rotation":0,"texture":"#0"},"north":{"uv":[10.333334,8.333334,10.833334,10.166667],"tintindex":0,"rotation":0,"texture":"#0"},"west":{"uv":[2.0,10.5,2.5,12.333334],"tintindex":0,"rotation":0,"texture":"#0"},"up":{"uv":[13.333334,10.166667,12.833334,9.666667],"tintindex":0,"rotation":0,"texture":"#0"},"down":{"uv":[13.333334,10.166667,12.833334,10.666667],"tintindex":0,"rotation":0,"texture":"#0"}}}],"display":{"gui":{"rotation":[30,225,0]}}}