{"textures":{"0":"modelengine:entity/bl_flying_spider"},"elements":[{"from":[7.5,-5.0,7.5],"to":[8.5,8.0,8.5],"faces":{"east":{"uv":[6.3333335,12.166667,6.5,14.333334],"tintindex":0,"rotation":0,"texture":"#0"},"south":{"uv":[4.3333335,12.333334,4.5,14.5],"tintindex":0,"rotation":0,"texture":"#0"},"north":{"uv":[6.166667,12.166667,6.3333335,14.333334],"tintindex":0,"rotation":0,"texture":"#0"},"west":{"uv":[8.333334,12.333334,8.5,14.5],"tintindex":0,"rotation":0,"texture":"#0"},"up":{"uv":[7.5,10.666667,7.3333335,10.5],"tintindex":0,"rotation":0,"texture":"#0"},"down":{"uv":[7.666667,10.5,7.5,10.666667],"tintindex":0,"rotation":0,"texture":"#0"}}}],"display":{"gui":{"rotation":[30,225,0]}}}