{"textures":{"0":"modelengine:entity/bl_flying_spider"},"elements":[{"from":[3.5463095,8.0,5.07921],"to":[10.54631,8.0,31.079208],"faces":{"up":{"uv":[3.5,8.666667,2.3333335,4.3333335],"tintindex":0,"rotation":0,"texture":"#0"},"down":{"uv":[4.666667,4.3333335,3.5,8.666667],"tintindex":0,"rotation":0,"texture":"#0"}}}],"display":{"gui":{"rotation":[30,225,0]}}}