{"textures":{"0":"modelengine:entity/bl_flying_spider"},"elements":[{"from":[5.63424,-1.405179,6.5],"to":[8.63424,9.59482,9.5],"faces":{"east":{"uv":[9.833334,8.833334,10.333334,10.666667],"tintindex":0,"rotation":0,"texture":"#0"},"south":{"uv":[8.666667,10.0,9.166667,11.833334],"tintindex":0,"rotation":0,"texture":"#0"},"north":{"uv":[6.8333335,9.166667,7.3333335,11.0],"tintindex":0,"rotation":0,"texture":"#0"},"west":{"uv":[9.166667,10.0,9.666667,11.833334],"tintindex":0,"rotation":0,"texture":"#0"},"up":{"uv":[13.333334,7.166667,12.833334,6.666667],"tintindex":0,"rotation":0,"texture":"#0"},"down":{"uv":[13.333334,7.166667,12.833334,7.666667],"tintindex":0,"rotation":0,"texture":"#0"}}}],"display":{"gui":{"rotation":[30,225,0]}}}