{"textures":{"0":"modelengine:entity/bl_flying_spider"},"elements":[{"from":[6.6241198,5.30785,7.0],"to":[8.62412,8.30785,9.0],"faces":{"east":{"uv":[13.333334,10.5,13.666667,11.0],"tintindex":0,"rotation":0,"texture":"#0"},"south":{"uv":[10.833334,13.333334,11.166667,13.833334],"tintindex":0,"rotation":0,"texture":"#0"},"north":{"uv":[13.333334,10.0,13.666667,10.5],"tintindex":0,"rotation":0,"texture":"#0"},"west":{"uv":[13.333334,11.0,13.666667,11.5],"tintindex":0,"rotation":0,"texture":"#0"},"up":{"uv":[14.0,12.5,13.666667,12.166667],"tintindex":0,"rotation":0,"texture":"#0"},"down":{"uv":[14.0,12.5,13.666667,12.833334],"tintindex":0,"rotation":0,"texture":"#0"}}}],"display":{"gui":{"rotation":[30,225,0]}}}