{"textures":{"0":"modelengine:entity/bl_flying_spider"},"elements":[{"from":[7.3758802,5.3078604,7.0],"to":[9.37588,8.30786,9.0],"faces":{"east":{"uv":[9.333334,13.5,9.666667,14.0],"tintindex":0,"rotation":0,"texture":"#0"},"south":{"uv":[12.833334,13.5,13.166667,14.0],"tintindex":0,"rotation":0,"texture":"#0"},"north":{"uv":[9.0,13.5,9.333334,14.0],"tintindex":0,"rotation":0,"texture":"#0"},"west":{"uv":[13.5,13.0,13.833334,13.5],"tintindex":0,"rotation":0,"texture":"#0"},"up":{"uv":[14.166667,13.5,13.833334,13.166667],"tintindex":0,"rotation":0,"texture":"#0"},"down":{"uv":[13.833334,13.833334,13.5,14.166667],"tintindex":0,"rotation":0,"texture":"#0"}}}],"display":{"gui":{"rotation":[30,225,0]}}}