{"textures":{"0":"modelengine:entity/bl_flying_spider"},"elements":[{"from":[7.5,-5.0,7.5],"to":[8.5,8.0,8.5],"faces":{"east":{"uv":[5.666667,12.666667,5.8333335,14.833334],"tintindex":0,"rotation":0,"texture":"#0"},"south":{"uv":[5.8333335,12.666667,6.0,14.833334],"tintindex":0,"rotation":0,"texture":"#0"},"north":{"uv":[5.5,12.666667,5.666667,14.833334],"tintindex":0,"rotation":0,"texture":"#0"},"west":{"uv":[6.0,12.666667,6.166667,14.833334],"tintindex":0,"rotation":0,"texture":"#0"},"up":{"uv":[11.166667,2.0,11.0,1.8333334],"tintindex":0,"rotation":0,"texture":"#0"},"down":{"uv":[11.166667,2.0,11.0,2.1666667],"tintindex":0,"rotation":0,"texture":"#0"}}}],"display":{"gui":{"rotation":[30,225,0]}}}