{"textures":{"0":"modelengine:entity/bl_flying_spider"},"elements":[{"from":[6.69629,-1.9957094,6.5],"to":[9.69629,9.00429,9.5],"faces":{"east":{"uv":[10.833334,5.8333335,11.333334,7.666667],"tintindex":0,"rotation":0,"texture":"#0"},"south":{"uv":[10.833334,7.666667,11.333334,9.5],"tintindex":0,"rotation":0,"texture":"#0"},"north":{"uv":[9.666667,10.666667,10.166667,12.5],"tintindex":0,"rotation":0,"texture":"#0"},"west":{"uv":[10.833334,9.5,11.333334,11.333334],"tintindex":0,"rotation":0,"texture":"#0"},"up":{"uv":[13.333334,13.166667,12.833334,12.666667],"tintindex":0,"rotation":0,"texture":"#0"},"down":{"uv":[13.5,0.0,13.0,0.5],"tintindex":0,"rotation":0,"texture":"#0"}}}],"display":{"gui":{"rotation":[30,225,0]}}}