{"textures":{"0":"modelengine:entity/bl_flying_spider"},"elements":[{"from":[7.3758802,5.30786,7.0],"to":[9.375879,8.307859,9.0],"faces":{"east":{"uv":[3.3333335,13.5,3.6666667,14.0],"tintindex":0,"rotation":0,"texture":"#0"},"south":{"uv":[3.6666667,13.5,4.0,14.0],"tintindex":0,"rotation":0,"texture":"#0"},"north":{"uv":[3.0,13.5,3.3333335,14.0],"tintindex":0,"rotation":0,"texture":"#0"},"west":{"uv":[8.666667,13.5,9.0,14.0],"tintindex":0,"rotation":0,"texture":"#0"},"up":{"uv":[12.5,14.166667,12.166667,13.833334],"tintindex":0,"rotation":0,"texture":"#0"},"down":{"uv":[12.833334,13.833334,12.5,14.166667],"tintindex":0,"rotation":0,"texture":"#0"}}}],"display":{"gui":{"rotation":[30,225,0]}}}