{"textures":{"0":"modelengine:entity/bl_flying_spider"},"elements":[{"from":[7.36576,-1.405179,6.5],"to":[10.36576,9.59482,9.5],"faces":{"east":{"uv":[3.0,10.5,3.5,12.333334],"tintindex":0,"rotation":0,"texture":"#0"},"south":{"uv":[3.5,10.5,4.0,12.333334],"tintindex":0,"rotation":0,"texture":"#0"},"north":{"uv":[2.5,10.5,3.0,12.333334],"tintindex":0,"rotation":0,"texture":"#0"},"west":{"uv":[4.0,10.5,4.5,12.333334],"tintindex":0,"rotation":0,"texture":"#0"},"up":{"uv":[13.333334,11.166667,12.833334,10.666667],"tintindex":0,"rotation":0,"texture":"#0"},"down":{"uv":[13.333334,11.166667,12.833334,11.666667],"tintindex":0,"rotation":0,"texture":"#0"}}}],"display":{"gui":{"rotation":[30,225,0]}}}