{"textures":{"0":"modelengine:entity/bl_toxin_spider"},"elements":[{"from":[2.5,1.9755397,8.19133],"to":[13.5,14.97554,21.19133],"faces":{"east":{"uv":[0.0,0.0,2.1666667,2.1666667],"tintindex":0,"rotation":0,"texture":"#0"},"south":{"uv":[2.1666667,2.1666667,4.0,4.3333335],"tintindex":0,"rotation":0,"texture":"#0"},"north":{"uv":[2.1666667,0.0,4.0,2.1666667],"tintindex":0,"rotation":0,"texture":"#0"},"west":{"uv":[0.0,2.1666667,2.1666667,4.3333335],"tintindex":0,"rotation":0,"texture":"#0"},"up":{"uv":[5.8333335,2.1666667,4.0,0.0],"tintindex":0,"rotation":0,"texture":"#0"},"down":{"uv":[5.8333335,2.1666667,4.0,4.3333335],"tintindex":0,"rotation":0,"texture":"#0"}}}],"display":{"gui":{"rotation":[30,225,0]}}}