{"textures":{"0":"modelengine:entity/bl_toxin_spider"},"elements":[{"from":[5.5308104,7.3632317,7.0],"to":[7.5308104,12.363232,9.0],"faces":{"east":{"uv":[11.0,1.5,11.333334,2.3333335],"tintindex":0,"rotation":0,"texture":"#0"},"south":{"uv":[11.333334,1.5,11.666667,2.3333335],"tintindex":0,"rotation":0,"texture":"#0"},"north":{"uv":[4.0,8.833334,4.3333335,9.666667],"tintindex":0,"rotation":0,"texture":"#0"},"west":{"uv":[11.833334,0.0,12.166667,0.8333334],"tintindex":0,"rotation":0,"texture":"#0"},"up":{"uv":[8.0,13.333334,7.666667,13.0],"tintindex":0,"rotation":0,"texture":"#0"},"down":{"uv":[13.333334,7.666667,13.0,8.0],"tintindex":0,"rotation":0,"texture":"#0"}}},{"from":[6.5308104,12.363232,7.0],"to":[6.5308104,16.363232,9.0],"faces":{"east":{"uv":[2.8333335,12.666667,3.1666667,13.333334],"tintindex":0,"rotation":0,"texture":"#0"},"west":{"uv":[3.1666667,12.666667,3.5,13.333334],"tintindex":0,"rotation":0,"texture":"#0"}}}],"display":{"gui":{"rotation":[30,225,0]}}}