{"textures":{"0":"modelengine:entity/bl_toxin_spider"},"elements":[{"from":[5.5308104,7.3632298,7.0],"to":[7.5308104,12.36323,9.0],"faces":{"east":{"uv":[11.833334,5.8333335,12.166667,6.666667],"tintindex":0,"rotation":0,"texture":"#0"},"south":{"uv":[11.833334,6.666667,12.166667,7.5],"tintindex":0,"rotation":0,"texture":"#0"},"north":{"uv":[11.833334,5.0,12.166667,5.8333335],"tintindex":0,"rotation":0,"texture":"#0"},"west":{"uv":[11.833334,7.5,12.166667,8.333334],"tintindex":0,"rotation":0,"texture":"#0"},"up":{"uv":[11.5,13.333334,11.166667,13.0],"tintindex":0,"rotation":0,"texture":"#0"},"down":{"uv":[13.333334,11.333334,13.0,11.666667],"tintindex":0,"rotation":0,"texture":"#0"}}},{"from":[6.5308104,12.36323,7.0],"to":[6.5308104,16.36323,9.0],"faces":{"east":{"uv":[12.666667,7.666667,13.0,8.333334],"tintindex":0,"rotation":0,"texture":"#0"},"west":{"uv":[8.0,12.666667,8.333334,13.333334],"tintindex":0,"rotation":0,"texture":"#0"}}}],"display":{"gui":{"rotation":[30,225,0]}}}