{"textures":{"0":"modelengine:entity/bl_toxin_spider"},"elements":[{"from":[6.705,-0.7340002,6.705],"to":[9.705,17.265999,9.705],"faces":{"east":{"uv":[6.666667,1.5,7.166667,4.5],"tintindex":0,"rotation":0,"texture":"#0"},"south":{"uv":[4.5,6.666667,5.0,9.666667],"tintindex":0,"rotation":0,"texture":"#0"},"north":{"uv":[6.166667,4.5,6.666667,7.5],"tintindex":0,"rotation":0,"texture":"#0"},"west":{"uv":[6.666667,4.5,7.166667,7.5],"tintindex":0,"rotation":0,"texture":"#0"},"up":{"uv":[12.666667,7.3333335,12.166667,6.8333335],"tintindex":0,"rotation":0,"texture":"#0"},"down":{"uv":[12.666667,7.3333335,12.166667,7.8333335],"tintindex":0,"rotation":0,"texture":"#0"}}}],"display":{"gui":{"rotation":[30,225,0]}}}