{"textures":{"0":"modelengine:entity/bl_toxin_spider"},"elements":[{"from":[6.2949996,-0.7340002,6.295],"to":[9.295,17.265999,9.295],"faces":{"east":{"uv":[7.666667,4.5,7.166667,7.5],"tintindex":0,"rotation":0,"texture":"#0"},"south":{"uv":[7.666667,1.5,7.166667,4.5],"tintindex":0,"rotation":0,"texture":"#0"},"north":{"uv":[5.5,6.666667,5.0,9.666667],"tintindex":0,"rotation":0,"texture":"#0"},"west":{"uv":[6.0,6.666667,5.5,9.666667],"tintindex":0,"rotation":0,"texture":"#0"},"up":{"uv":[12.166667,8.333334,12.666667,7.8333335],"tintindex":0,"rotation":0,"texture":"#0"},"down":{"uv":[12.166667,8.333334,12.666667,8.833334],"tintindex":0,"rotation":0,"texture":"#0"}}}],"display":{"gui":{"rotation":[30,225,0]}}}