{"textures":{"0":"modelengine:entity/bl_toxin_spider"},"elements":[{"from":[3.5,2.4089203,4.77262],"to":[12.5,11.40892,18.772621],"faces":{"east":{"uv":[0.0,4.3333335,2.3333335,5.8333335],"tintindex":0,"rotation":0,"texture":"#0"},"south":{"uv":[1.5,5.8333335,3.0,7.3333335],"tintindex":0,"rotation":0,"texture":"#0"},"north":{"uv":[5.8333335,0.0,7.3333335,1.5],"tintindex":0,"rotation":0,"texture":"#0"},"west":{"uv":[2.3333335,4.3333335,4.666667,5.8333335],"tintindex":0,"rotation":0,"texture":"#0"},"up":{"uv":[6.166667,6.666667,4.666667,4.3333335],"tintindex":0,"rotation":0,"texture":"#0"},"down":{"uv":[1.5,5.8333335,0.0,8.166667],"tintindex":0,"rotation":0,"texture":"#0"}}}],"display":{"gui":{"rotation":[30,225,0]}}}