{"textures":{"0":"modelengine:entity/bl_toxin_spider"},"elements":[{"from":[7.10218,3.35211,7.29414],"to":[9.1021805,9.35211,9.29414],"faces":{"east":{"uv":[7.666667,6.0,8.0,7.0],"tintindex":0,"rotation":0,"texture":"#0"},"south":{"uv":[9.333334,10.666667,9.666667,11.666667],"tintindex":0,"rotation":0,"texture":"#0"},"north":{"uv":[7.3333335,0.0,7.666667,1.0],"tintindex":0,"rotation":0,"texture":"#0"},"west":{"uv":[10.833334,6.8333335,11.166667,7.8333335],"tintindex":0,"rotation":0,"texture":"#0"},"up":{"uv":[6.166667,4.3333335,5.8333335,4.0],"tintindex":0,"rotation":0,"texture":"#0"},"down":{"uv":[7.666667,1.0,7.3333335,1.3333334],"tintindex":0,"rotation":0,"texture":"#0"}}}],"display":{"gui":{"rotation":[30,225,0]}}}