{"textures":{"0":"modelengine:entity/bl_toxin_spider"},"elements":[{"from":[7.15718,6.1581907,7.85002],"to":[9.15718,8.158191,11.850019],"faces":{"east":{"uv":[13.166667,5.3333335,12.5,5.666667],"tintindex":0,"rotation":0,"texture":"#0"},"south":{"uv":[2.8333335,12.833334,2.5,13.166667],"tintindex":0,"rotation":0,"texture":"#0"},"north":{"uv":[2.5,12.833334,2.1666667,13.166667],"tintindex":0,"rotation":0,"texture":"#0"},"west":{"uv":[13.166667,5.0,12.5,5.3333335],"tintindex":0,"rotation":0,"texture":"#0"},"up":{"uv":[10.5,13.166667,10.833334,12.5],"tintindex":0,"rotation":0,"texture":"#0"},"down":{"uv":[11.833334,12.5,12.166667,13.166667],"tintindex":0,"rotation":0,"texture":"#0"}}}],"display":{"gui":{"rotation":[30,225,0]}}}