{"textures":{"0":"modelengine:entity/bl_toxin_spider"},"elements":[{"from":[6.54984,-6.032179,6.986],"to":[8.549841,8.967821,8.986],"faces":{"east":{"uv":[2.1666667,10.333334,2.5,12.833334],"tintindex":0,"rotation":0,"texture":"#0"},"south":{"uv":[2.5,10.333334,2.8333335,12.833334],"tintindex":0,"rotation":0,"texture":"#0"},"north":{"uv":[1.8333334,10.333334,2.1666667,12.833334],"tintindex":0,"rotation":0,"texture":"#0"},"west":{"uv":[10.5,2.5,10.833334,5.0],"tintindex":0,"rotation":0,"texture":"#0"},"up":{"uv":[13.333334,12.0,13.0,11.666667],"tintindex":0,"rotation":0,"texture":"#0"},"down":{"uv":[13.333334,12.0,13.0,12.333334],"tintindex":0,"rotation":0,"texture":"#0"}}}],"display":{"gui":{"rotation":[30,225,0]}}}