{"textures":{"0":"modelengine:entity/bl_toxin_spider"},"elements":[{"from":[6.4679394,-6.0023804,6.986],"to":[8.467939,8.99762,8.986],"faces":{"east":{"uv":[10.166667,9.5,10.5,12.0],"tintindex":0,"rotation":0,"texture":"#0"},"south":{"uv":[10.333334,0.0,10.666667,2.5],"tintindex":0,"rotation":0,"texture":"#0"},"north":{"uv":[8.666667,10.166667,9.0,12.666667],"tintindex":0,"rotation":0,"texture":"#0"},"west":{"uv":[1.5,10.333334,1.8333334,12.833334],"tintindex":0,"rotation":0,"texture":"#0"},"up":{"uv":[13.333334,11.0,13.0,10.666667],"tintindex":0,"rotation":0,"texture":"#0"},"down":{"uv":[13.333334,11.0,13.0,11.333334],"tintindex":0,"rotation":0,"texture":"#0"}}}],"display":{"gui":{"rotation":[30,225,0]}}}