{"textures":{"0":"modelengine:entity/bl_toxin_spider"},"elements":[{"from":[7.6408405,-2.4361095,7.5],"to":[8.640841,8.56389,8.5],"faces":{"east":{"uv":[0.8333334,11.166667,0.6666667,13.0],"tintindex":0,"rotation":0,"texture":"#0"},"south":{"uv":[0.6666667,11.166667,0.5,13.0],"tintindex":0,"rotation":0,"texture":"#0"},"north":{"uv":[0.33333334,11.166667,0.16666667,13.0],"tintindex":0,"rotation":0,"texture":"#0"},"west":{"uv":[0.5,11.166667,0.33333334,13.0],"tintindex":0,"rotation":0,"texture":"#0"},"up":{"uv":[4.5,6.3333335,4.666667,6.166667],"tintindex":0,"rotation":0,"texture":"#0"},"down":{"uv":[4.5,6.3333335,4.666667,6.5],"tintindex":0,"rotation":0,"texture":"#0"}}}],"display":{"gui":{"rotation":[30,225,0]}}}