{"textures":{"0":"modelengine:entity/bl_toxin_spider"},"elements":[{"from":[6.786,6.7139997,6.214],"to":[8.786,8.714,8.214001],"faces":{"east":{"uv":[13.0,5.666667,13.333334,6.0],"tintindex":0,"rotation":0,"texture":"#0"},"south":{"uv":[6.0,13.0,6.3333335,13.333334],"tintindex":0,"rotation":0,"texture":"#0"},"north":{"uv":[5.666667,13.0,6.0,13.333334],"tintindex":0,"rotation":0,"texture":"#0"},"west":{"uv":[13.0,6.0,13.333334,6.3333335],"tintindex":0,"rotation":0,"texture":"#0"},"up":{"uv":[6.666667,13.333334,6.3333335,13.0],"tintindex":0,"rotation":0,"texture":"#0"},"down":{"uv":[13.333334,6.3333335,13.0,6.666667],"tintindex":0,"rotation":0,"texture":"#0"}}}],"display":{"gui":{"rotation":[30,225,0]}}}