{"textures":{"0":"modelengine:entity/bl_toxin_spider"},"elements":[{"from":[7.4501595,-6.0321903,7.014],"to":[9.45016,8.96781,9.014],"faces":{"east":{"uv":[10.333334,2.0,10.0,4.5],"tintindex":0,"rotation":0,"texture":"#0"},"south":{"uv":[10.166667,9.5,9.833334,12.0],"tintindex":0,"rotation":0,"texture":"#0"},"north":{"uv":[6.166667,1.5,5.8333335,4.0],"tintindex":0,"rotation":0,"texture":"#0"},"west":{"uv":[6.0,9.666667,5.666667,12.166667],"tintindex":0,"rotation":0,"texture":"#0"},"up":{"uv":[13.0,8.333334,13.333334,8.0],"tintindex":0,"rotation":0,"texture":"#0"},"down":{"uv":[13.0,8.333334,13.333334,8.666667],"tintindex":0,"rotation":0,"texture":"#0"}}}],"display":{"gui":{"rotation":[30,225,0]}}}