{"textures":{"0":"modelengine:entity/bl_toxin_spider"},"elements":[{"from":[7.497781,-2.4812107,7.5],"to":[8.497781,8.518789,8.5],"faces":{"east":{"uv":[0.16666667,11.166667,0.0,13.0],"tintindex":0,"rotation":0,"texture":"#0"},"south":{"uv":[9.833334,10.666667,9.666667,12.5],"tintindex":0,"rotation":0,"texture":"#0"},"north":{"uv":[10.5,2.5,10.333334,4.3333335],"tintindex":0,"rotation":0,"texture":"#0"},"west":{"uv":[3.0,10.333334,2.8333335,12.166667],"tintindex":0,"rotation":0,"texture":"#0"},"up":{"uv":[4.5,6.0,4.666667,5.8333335],"tintindex":0,"rotation":0,"texture":"#0"},"down":{"uv":[4.5,6.0,4.666667,6.166667],"tintindex":0,"rotation":0,"texture":"#0"}}}],"display":{"gui":{"rotation":[30,225,0]}}}