{"textures":{"0":"modelengine:entity/nikolai_the_apostate_anim"},"elements":[{"from":[7.557767,2.409916,-0.43905067],"to":[9.557767,4.659916,2.5609498],"faces":{"east":{"uv":[8.75,11.625,9.125,11.875],"tintindex":0,"rotation":0,"texture":"#0"},"south":{"uv":[9.25,3.25,9.5,3.5],"tintindex":0,"rotation":0,"texture":"#0"},"north":{"uv":[8.0,2.25,8.25,2.5],"tintindex":0,"rotation":0,"texture":"#0"},"west":{"uv":[11.625,10.0,12.0,10.25],"tintindex":0,"rotation":0,"texture":"#0"},"up":{"uv":[11.875,10.625,11.625,10.25],"tintindex":0,"rotation":0,"texture":"#0"},"down":{"uv":[10.875,11.625,10.625,12.0],"tintindex":0,"rotation":0,"texture":"#0"}}},{"from":[6.557767,3.0571294,-1.9784565],"to":[10.557767,7.057129,0.521543],"faces":{"east":{"uv":[11.0,2.375,11.375,2.875],"tintindex":0,"rotation":0,"texture":"#0"},"south":{"uv":[10.625,3.625,11.125,4.125],"tintindex":0,"rotation":0,"texture":"#0"},"north":{"uv":[10.625,3.125,11.125,3.625],"tintindex":0,"rotation":0,"texture":"#0"},"west":{"uv":[4.75,11.0,5.125,11.5],"tintindex":0,"rotation":0,"texture":"#0"},"up":{"uv":[5.625,11.375,5.125,11.0],"tintindex":0,"rotation":0,"texture":"#0"},"down":{"uv":[7.75,11.0,7.25,11.375],"tintindex":0,"rotation":0,"texture":"#0"}},"rotation":{"origin":[2.307767,14.387256,5.1817975],"angle":-22.5,"axis":"x"}},{"from":[6.557767,3.936823,-1.9037075],"to":[11.557767,10.186823,1.096292],"faces":{"east":{"uv":[10.0,10.375,10.375,11.125],"tintindex":0,"rotation":0,"texture":"#0"},"south":{"uv":[0.625,9.75,1.25,10.5],"tintindex":0,"rotation":0,"texture":"#0"},"north":{"uv":[0.0,9.75,0.625,10.5],"tintindex":0,"rotation":0,"texture":"#0"},"west":{"uv":[10.375,10.375,10.75,11.125],"tintindex":0,"rotation":0,"texture":"#0"},"up":{"uv":[11.625,1.75,11.0,1.375],"tintindex":0,"rotation":0,"texture":"#0"},"down":{"uv":[11.625,1.75,11.0,2.125],"tintindex":0,"rotation":0,"texture":"#0"}},"rotation":{"origin":[2.807767,11.699309,4.85811],"angle":-45.0,"axis":"x"}}],"display":{"gui":{"rotation":[30,225,0]}}}