{"textures":{"0":"modelengine:entity/bs_cc_rhino_texture"},"elements":[{"from":[5.229402,7.8886423,6.369755],"to":[5.229402,11.888642,7.369755],"faces":{"east":{"uv":[1.0,7.75,1.25,8.75],"tintindex":0,"rotation":0,"texture":"#0"},"west":{"uv":[6.75,7.75,7.0,8.75],"tintindex":0,"rotation":0,"texture":"#0"}},"rotation":{"origin":[6.229402,10.388642,7.619755],"angle":22.5,"axis":"z"}},{"from":[5.229402,5.8886423,7.369755],"to":[8.229402,11.888642,8.369755],"faces":{"east":{"uv":[3.5,11.25,3.75,12.75],"tintindex":0,"rotation":0,"texture":"#0"},"south":{"uv":[4.0,9.5,4.75,11.0],"tintindex":0,"rotation":0,"texture":"#0"},"north":{"uv":[9.5,0.0,10.25,1.5],"tintindex":0,"rotation":0,"texture":"#0"},"west":{"uv":[3.75,11.25,4.0,12.75],"tintindex":0,"rotation":0,"texture":"#0"},"up":{"uv":[8.25,4.25,7.5,4.0],"tintindex":0,"rotation":0,"texture":"#0"},"down":{"uv":[9.75,3.75,9.0,4.0],"tintindex":0,"rotation":0,"texture":"#0"}},"rotation":{"origin":[6.229402,10.388642,7.619755],"angle":22.5,"axis":"z"}},{"from":[5.229402,11.888642,6.369755],"to":[8.229402,11.888642,7.369755],"faces":{"up":{"uv":[10.75,3.75,10.0,3.5],"tintindex":0,"rotation":0,"texture":"#0"},"down":{"uv":[12.25,1.25,11.5,1.5],"tintindex":0,"rotation":0,"texture":"#0"}},"rotation":{"origin":[6.229402,10.388642,7.619755],"angle":22.5,"axis":"z"}},{"from":[8.229402,6.8886423,6.369755],"to":[8.229402,11.888642,7.369755],"faces":{"east":{"uv":[5.75,6.5,6.0,7.75],"tintindex":0,"rotation":0,"texture":"#0"},"west":{"uv":[6.0,6.5,6.25,7.75],"tintindex":0,"rotation":0,"texture":"#0"}},"rotation":{"origin":[6.229402,10.388642,7.619755],"angle":22.5,"axis":"z"}}],"display":{"gui":{"rotation":[30,225,0]}}}