{"textures":{"0":"modelengine:entity/bs_cc_rhino_texture"},"elements":[{"from":[7.770598,11.888642,5.369755],"to":[10.770597,11.888642,6.369755],"faces":{"up":{"uv":[12.25,3.25,11.5,3.0],"tintindex":0,"rotation":0,"texture":"#0"},"down":{"uv":[12.25,3.25,11.5,3.5],"tintindex":0,"rotation":0,"texture":"#0"}},"rotation":{"origin":[9.770598,10.388642,6.619755],"angle":-22.5,"axis":"z"}},{"from":[7.770598,6.8886423,5.369755],"to":[7.770598,11.888642,6.369755],"faces":{"east":{"uv":[5.25,8.0,5.5,9.25],"tintindex":0,"rotation":0,"texture":"#0"},"west":{"uv":[5.5,8.0,5.75,9.25],"tintindex":0,"rotation":0,"texture":"#0"}},"rotation":{"origin":[9.770598,10.388642,6.619755],"angle":-22.5,"axis":"z"}},{"from":[7.770598,5.8886423,6.369755],"to":[10.770597,11.888642,7.369755],"faces":{"east":{"uv":[0.0,11.5,0.25,13.0],"tintindex":0,"rotation":0,"texture":"#0"},"south":{"uv":[9.75,9.0,10.5,10.5],"tintindex":0,"rotation":0,"texture":"#0"},"north":{"uv":[9.75,7.5,10.5,9.0],"tintindex":0,"rotation":0,"texture":"#0"},"west":{"uv":[0.25,11.5,0.5,13.0],"tintindex":0,"rotation":0,"texture":"#0"},"up":{"uv":[12.25,1.75,11.5,1.5],"tintindex":0,"rotation":0,"texture":"#0"},"down":{"uv":[12.25,1.75,11.5,2.0],"tintindex":0,"rotation":0,"texture":"#0"}},"rotation":{"origin":[9.770598,10.388642,6.619755],"angle":-22.5,"axis":"z"}},{"from":[10.770597,7.8886423,5.369755],"to":[10.770597,11.888642,6.369755],"faces":{"east":{"uv":[7.0,7.75,7.25,8.75],"tintindex":0,"rotation":0,"texture":"#0"},"west":{"uv":[9.25,7.5,9.5,8.5],"tintindex":0,"rotation":0,"texture":"#0"}},"rotation":{"origin":[9.770598,10.388642,6.619755],"angle":-22.5,"axis":"z"}}],"display":{"gui":{"rotation":[30,225,0]}}}