{"textures":{"0":"modelengine:entity/nikolai_ice"},"elements":[{"from":[9.666667,1.1056752,6.1797047],"to":[12.333334,15.772343,9.179705],"faces":{"east":{"uv":[7.6875,3.5,8.25,6.25],"tintindex":0,"rotation":0,"texture":"#0"},"south":{"uv":[8.25,3.5,8.75,6.25],"tintindex":0,"rotation":0,"texture":"#0"},"north":{"uv":[8.0,6.25,8.5,9.0],"tintindex":0,"rotation":0,"texture":"#0"},"west":{"uv":[4.8125,7.75,5.375,10.5],"tintindex":0,"rotation":0,"texture":"#0"},"up":{"uv":[9.0,11.4375,8.5,10.875],"tintindex":0,"rotation":0,"texture":"#0"},"down":{"uv":[11.375,10.5,10.875,11.0625],"tintindex":0,"rotation":0,"texture":"#0"}}},{"from":[9.0,1.1056752,7.179705],"to":[11.333334,24.439009,8.846372],"faces":{"east":{"uv":[8.5,6.25,8.8125,10.625],"tintindex":0,"rotation":0,"texture":"#0"},"south":{"uv":[7.5625,6.875,8.0,11.25],"tintindex":0,"rotation":0,"texture":"#0"},"north":{"uv":[7.125,6.875,7.5625,11.25],"tintindex":0,"rotation":0,"texture":"#0"},"west":{"uv":[8.75,0.0,9.0625,4.375],"tintindex":0,"rotation":0,"texture":"#0"},"up":{"uv":[10.0,4.125,9.5625,3.8125],"tintindex":0,"rotation":0,"texture":"#0"},"down":{"uv":[10.625,1.3125,10.1875,1.625],"tintindex":0,"rotation":0,"texture":"#0"}}},{"from":[10.666667,-1.8943253,4.1536283],"to":[13.333334,9.105675,7.1536283],"faces":{"east":{"uv":[3.625,8.875,4.1875,10.9375],"tintindex":0,"rotation":0,"texture":"#0"},"south":{"uv":[9.0625,2.0625,9.5625,4.125],"tintindex":0,"rotation":0,"texture":"#0"},"north":{"uv":[8.0,9.0,8.5,11.0625],"tintindex":0,"rotation":0,"texture":"#0"},"west":{"uv":[9.0625,0.0,9.625,2.0625],"tintindex":0,"rotation":0,"texture":"#0"},"up":{"uv":[10.875,11.0625,10.375,10.5],"tintindex":0,"rotation":0,"texture":"#0"},"down":{"uv":[11.0625,3.8125,10.5625,4.375],"tintindex":0,"rotation":0,"texture":"#0"}},"rotation":{"origin":[9.333333,9.439009,5.320295],"angle":22.5,"axis":"z"}},{"from":[3.333333,0.7723417,8.846372],"to":[6.0,13.772343,11.846373],"faces":{"east":{"uv":[5.375,8.25,5.9375,10.6875],"tintindex":0,"rotation":0,"texture":"#0"},"south":{"uv":[3.125,8.875,3.625,11.3125],"tintindex":0,"rotation":0,"texture":"#0"},"north":{"uv":[8.8125,7.875,9.3125,10.3125],"tintindex":0,"rotation":0,"texture":"#0"},"west":{"uv":[4.25,8.5,4.8125,10.9375],"tintindex":0,"rotation":0,"texture":"#0"},"up":{"uv":[11.0625,4.9375,10.5625,4.375],"tintindex":0,"rotation":0,"texture":"#0"},"down":{"uv":[11.125,1.3125,10.625,1.875],"tintindex":0,"rotation":0,"texture":"#0"}},"rotation":{"origin":[6.6666665,9.439009,10.679706],"angle":-22.5,"axis":"z"}},{"from":[6.333333,19.105675,5.513038],"to":[9.0,27.772343,8.513039],"faces":{"east":{"uv":[9.625,0.0,10.1875,1.625],"tintindex":0,"rotation":0,"texture":"#0"},"south":{"uv":[10.125,1.625,10.625,3.25],"tintindex":0,"rotation":0,"texture":"#0"},"north":{"uv":[10.0625,3.8125,10.5625,5.4375],"tintindex":0,"rotation":0,"texture":"#0"},"west":{"uv":[9.3125,9.625,9.875,11.25],"tintindex":0,"rotation":0,"texture":"#0"},"up":{"uv":[4.125,11.5,3.625,10.9375],"tintindex":0,"rotation":0,"texture":"#0"},"down":{"uv":[4.625,10.9375,4.125,11.5],"tintindex":0,"rotation":0,"texture":"#0"}},"rotation":{"origin":[9.666667,23.605675,6.3463717],"angle":45.0,"axis":"x"}},{"from":[7.3333335,1.1056752,3.8463717],"to":[10.333334,19.439009,6.1797047],"faces":{"east":{"uv":[6.125,7.75,6.5625,11.1875],"tintindex":0,"rotation":0,"texture":"#0"},"south":{"uv":[7.125,3.4375,7.6875,6.875],"tintindex":0,"rotation":0,"texture":"#0"},"north":{"uv":[7.125,0.0,7.6875,3.4375],"tintindex":0,"rotation":0,"texture":"#0"},"west":{"uv":[6.5625,7.75,7.0,11.1875],"tintindex":0,"rotation":0,"texture":"#0"},"up":{"uv":[1.125,11.4375,0.5625,11.0],"tintindex":0,"rotation":0,"texture":"#0"},"down":{"uv":[1.6875,11.0,1.125,11.4375],"tintindex":0,"rotation":0,"texture":"#0"}}},{"from":[2.0,-0.89432526,4.1536283],"to":[6.0,13.772343,8.153628],"faces":{"east":{"uv":[5.375,0.0,6.125,2.75],"tintindex":0,"rotation":0,"texture":"#0"},"south":{"uv":[5.375,2.75,6.125,5.5],"tintindex":0,"rotation":0,"texture":"#0"},"north":{"uv":[1.0,5.1875,1.75,7.9375],"tintindex":0,"rotation":0,"texture":"#0"},"west":{"uv":[5.375,5.5,6.125,8.25],"tintindex":0,"rotation":0,"texture":"#0"},"up":{"uv":[11.125,9.1875,10.375,8.4375],"tintindex":0,"rotation":0,"texture":"#0"},"down":{"uv":[11.125,9.1875,10.375,9.9375],"tintindex":0,"rotation":0,"texture":"#0"}},"rotation":{"origin":[6.6666665,9.439009,5.320295],"angle":-22.5,"axis":"z"}},{"from":[8.0,19.772343,6.1797047],"to":[10.666667,26.772343,8.513039],"faces":{"east":{"uv":[2.6875,9.125,3.125,10.4375],"tintindex":0,"rotation":0,"texture":"#0"},"south":{"uv":[10.1875,0.0,10.6875,1.3125],"tintindex":0,"rotation":0,"texture":"#0"},"north":{"uv":[10.125,5.4375,10.625,6.75],"tintindex":0,"rotation":0,"texture":"#0"},"west":{"uv":[0.5625,9.4375,1.0,10.75],"tintindex":0,"rotation":0,"texture":"#0"},"up":{"uv":[10.125,2.0625,9.625,1.625],"tintindex":0,"rotation":0,"texture":"#0"},"down":{"uv":[11.5625,3.8125,11.0625,4.25],"tintindex":0,"rotation":0,"texture":"#0"}},"rotation":{"origin":[9.666667,23.605675,6.3463717],"angle":45.0,"axis":"x"}},{"from":[5.333333,0.7554741,1.8868694],"to":[10.666667,14.088808,4.8868694],"faces":{"east":{"uv":[1.0,7.9375,1.5625,10.4375],"tintindex":0,"rotation":0,"texture":"#0"},"south":{"uv":[3.25,2.5,4.25,5.0],"tintindex":0,"rotation":0,"texture":"#0"},"north":{"uv":[3.25,0.0,4.25,2.5],"tintindex":0,"rotation":0,"texture":"#0"},"west":{"uv":[1.5625,7.9375,2.125,10.4375],"tintindex":0,"rotation":0,"texture":"#0"},"up":{"uv":[11.375,7.875,10.375,7.3125],"tintindex":0,"rotation":0,"texture":"#0"},"down":{"uv":[11.375,7.875,10.375,8.4375],"tintindex":0,"rotation":0,"texture":"#0"}},"rotation":{"origin":[8.0,8.255474,3.3868694],"angle":45.0,"axis":"x"}},{"from":[6.333333,1.1056752,9.179705],"to":[9.0,28.772343,12.179706],"faces":{"east":{"uv":[0.0,0.0,0.5625,5.1875],"tintindex":0,"rotation":0,"texture":"#0"},"south":{"uv":[1.625,0.0,2.125,5.1875],"tintindex":0,"rotation":0,"texture":"#0"},"north":{"uv":[1.125,0.0,1.625,5.1875],"tintindex":0,"rotation":0,"texture":"#0"},"west":{"uv":[0.5625,0.0,1.125,5.1875],"tintindex":0,"rotation":0,"texture":"#0"},"up":{"uv":[11.125,5.5,10.625,4.9375],"tintindex":0,"rotation":0,"texture":"#0"},"down":{"uv":[11.125,5.5,10.625,6.0625],"tintindex":0,"rotation":0,"texture":"#0"}}},{"from":[9.0,1.1056752,8.179705],"to":[11.666667,25.439009,11.179706],"faces":{"east":{"uv":[2.125,0.0,2.6875,4.5625],"tintindex":0,"rotation":0,"texture":"#0"},"south":{"uv":[2.625,4.5625,3.125,9.125],"tintindex":0,"rotation":0,"texture":"#0"},"north":{"uv":[2.125,4.5625,2.625,9.125],"tintindex":0,"rotation":0,"texture":"#0"},"west":{"uv":[2.6875,0.0,3.25,4.5625],"tintindex":0,"rotation":0,"texture":"#0"},"up":{"uv":[11.125,2.4375,10.625,1.875],"tintindex":0,"rotation":0,"texture":"#0"},"down":{"uv":[11.125,2.4375,10.625,3.0],"tintindex":0,"rotation":0,"texture":"#0"}}},{"from":[8.333333,1.1056752,4.8463717],"to":[11.0,21.772343,7.8463717],"faces":{"east":{"uv":[3.125,5.0,3.6875,8.875],"tintindex":0,"rotation":0,"texture":"#0"},"south":{"uv":[6.625,3.875,7.125,7.75],"tintindex":0,"rotation":0,"texture":"#0"},"north":{"uv":[6.625,0.0,7.125,3.875],"tintindex":0,"rotation":0,"texture":"#0"},"west":{"uv":[3.6875,5.0,4.25,8.875],"tintindex":0,"rotation":0,"texture":"#0"},"up":{"uv":[2.25,11.4375,1.75,10.875],"tintindex":0,"rotation":0,"texture":"#0"},"down":{"uv":[2.75,10.875,2.25,11.4375],"tintindex":0,"rotation":0,"texture":"#0"}}},{"from":[5.0,1.1056752,3.5130382],"to":[7.6666665,21.772343,6.513038],"faces":{"east":{"uv":[4.8125,0.0,5.375,3.875],"tintindex":0,"rotation":0,"texture":"#0"},"south":{"uv":[6.125,3.875,6.625,7.75],"tintindex":0,"rotation":0,"texture":"#0"},"north":{"uv":[6.125,0.0,6.625,3.875],"tintindex":0,"rotation":0,"texture":"#0"},"west":{"uv":[4.8125,3.875,5.375,7.75],"tintindex":0,"rotation":0,"texture":"#0"},"up":{"uv":[11.125,6.625,10.625,6.0625],"tintindex":0,"rotation":0,"texture":"#0"},"down":{"uv":[11.1875,0.0,10.6875,0.5625],"tintindex":0,