{"textures":{"0":"modelengine:entity/bl_flying_spider"},"elements":[{"from":[3.5,3.4089203,9.77262],"to":[12.5,12.40892,18.772621],"faces":{"east":{"uv":[8.0,3.6666667,9.5,5.166667],"tintindex":0,"rotation":0,"texture":"#0"},"south":{"uv":[8.0,5.166667,9.5,6.666667],"tintindex":0,"rotation":0,"texture":"#0"},"north":{"uv":[7.666667,7.3333335,9.166667,8.833334],"tintindex":0,"rotation":0,"texture":"#0"},"west":{"uv":[8.333334,0.0,9.833334,1.5],"tintindex":0,"rotation":0,"texture":"#0"},"up":{"uv":[9.833334,3.0,8.333334,1.5],"tintindex":0,"rotation":0,"texture":"#0"},"down":{"uv":[1.5,8.666667,0.0,10.166667],"tintindex":0,"rotation":0,"texture":"#0"}}}],"display":{"gui":{"rotation":[30,225,0]}}}