{"textures":{"0":"modelengine:entity/bl_flying_spider"},"elements":[{"from":[7.705,2.2660003,6.795],"to":[9.705,12.266001,8.795],"faces":{"east":{"uv":[11.666667,3.3333335,12.0,5.0],"tintindex":0,"rotation":0,"texture":"#0"},"south":{"uv":[11.666667,5.0,12.0,6.666667],"tintindex":0,"rotation":0,"texture":"#0"},"north":{"uv":[11.666667,1.6666667,12.0,3.3333335],"tintindex":0,"rotation":0,"texture":"#0"},"west":{"uv":[11.666667,6.666667,12.0,8.333334],"tintindex":0,"rotation":0,"texture":"#0"},"up":{"uv":[14.166667,0.33333334,13.833334,0.0],"tintindex":0,"rotation":0,"texture":"#0"},"down":{"uv":[14.166667,0.33333334,13.833334,0.6666667],"tintindex":0,"rotation":0,"texture":"#0"}}}],"display":{"gui":{"rotation":[30,225,0]}}}