{"textures":{"0":"modelengine:entity/bl_flying_spider"},"elements":[{"from":[6.295,1.2659998,6.795],"to":[8.295,11.266,8.795],"faces":{"east":{"uv":[10.166667,12.0,10.5,13.666667],"tintindex":0,"rotation":0,"texture":"#0"},"south":{"uv":[10.5,12.0,10.833334,13.666667],"tintindex":0,"rotation":0,"texture":"#0"},"north":{"uv":[12.0,10.0,12.333334,11.666667],"tintindex":0,"rotation":0,"texture":"#0"},"west":{"uv":[12.0,11.666667,12.333334,13.333334],"tintindex":0,"rotation":0,"texture":"#0"},"up":{"uv":[14.166667,13.166667,13.833334,12.833334],"tintindex":0,"rotation":0,"texture":"#0"},"down":{"uv":[13.5,13.833334,13.166667,14.166667],"tintindex":0,"rotation":0,"texture":"#0"}}}],"display":{"gui":{"rotation":[30,225,0]}}}