{"textures":{"0":"modelengine:entity/bl_flying_spider"},"elements":[{"from":[3.0,6.999999,7.0],"to":[9.0,9.0,9.0],"faces":{"east":{"uv":[13.666667,4.166667,14.0,4.5],"tintindex":0,"rotation":0,"texture":"#0"},"south":{"uv":[12.833334,3.1666667,13.833334,3.5],"tintindex":0,"rotation":0,"texture":"#0"},"north":{"uv":[12.833334,2.8333335,13.833334,3.1666667],"tintindex":0,"rotation":0,"texture":"#0"},"west":{"uv":[13.666667,4.5,14.0,4.8333335],"tintindex":0,"rotation":0,"texture":"#0"},"up":{"uv":[13.833334,3.8333335,12.833334,3.5],"tintindex":0,"rotation":0,"texture":"#0"},"down":{"uv":[13.833334,3.8333335,12.833334,4.166667],"tintindex":0,"rotation":0,"texture":"#0"}}}],"display":{"gui":{"rotation":[30,225,0]}}}