{"textures":{"0":"modelengine:entity/bl_flying_spider"},"elements":[{"from":[6.5390997,7.7037697,7.93433],"to":[13.5391,14.70377,7.93433],"faces":{"south":{"uv":[9.166667,6.666667,10.333334,7.8333335],"tintindex":0,"rotation":0,"texture":"#0"},"north":{"uv":[5.666667,9.166667,6.8333335,10.333334],"tintindex":0,"rotation":0,"texture":"#0"}}}],"display":{"gui":{"rotation":[30,225,0]}}}