{"textures":{"0":"modelengine:entity/bl_flying_spider"},"elements":[{"from":[7.705,1.2659998,6.795],"to":[9.705,11.266,8.795],"faces":{"east":{"uv":[11.666667,10.0,12.0,11.666667],"tintindex":0,"rotation":0,"texture":"#0"},"south":{"uv":[11.666667,11.666667,12.0,13.333334],"tintindex":0,"rotation":0,"texture":"#0"},"north":{"uv":[11.666667,8.333334,12.0,10.0],"tintindex":0,"rotation":0,"texture":"#0"},"west":{"uv":[11.833334,0.0,12.166667,1.6666667],"tintindex":0,"rotation":0,"texture":"#0"},"up":{"uv":[14.166667,1.6666667,13.833334,1.3333334],"tintindex":0,"rotation":0,"texture":"#0"},"down":{"uv":[14.166667,1.6666667,13.833334,2.0],"tintindex":0,"rotation":0,"texture":"#0"}}}],"display":{"gui":{"rotation":[30,225,0]}}}