{"textures":{"0":"modelengine:entity/bl_flying_spider"},"elements":[{"from":[7.705,1.5160003,7.205],"to":[9.705,11.516001,9.205],"faces":{"east":{"uv":[7.0,11.0,7.3333335,12.666667],"tintindex":0,"rotation":0,"texture":"#0"},"south":{"uv":[11.333334,5.5,11.666667,7.166667],"tintindex":0,"rotation":0,"texture":"#0"},"north":{"uv":[8.333334,10.666667,8.666667,12.333334],"tintindex":0,"rotation":0,"texture":"#0"},"west":{"uv":[11.333334,7.166667,11.666667,8.833334],"tintindex":0,"rotation":0,"texture":"#0"},"up":{"uv":[10.833334,14.0,10.5,13.666667],"tintindex":0,"rotation":0,"texture":"#0"},"down":{"uv":[14.0,10.5,13.666667,10.833334],"tintindex":0,"rotation":0,"texture":"#0"}}}],"display":{"gui":{"rotation":[30,225,0]}}}