{"textures":{"0":"modelengine:entity/bl_flying_spider"},"elements":[{"from":[7.75,6.499999,6.5],"to":[12.75,9.5,9.5],"faces":{"east":{"uv":[12.833334,5.166667,13.333334,5.666667],"tintindex":0,"rotation":0,"texture":"#0"},"south":{"uv":[8.333334,3.0,9.166667,3.5],"tintindex":0,"rotation":0,"texture":"#0"},"north":{"uv":[8.0,6.666667,8.833334,7.166667],"tintindex":0,"rotation":0,"texture":"#0"},"west":{"uv":[12.833334,5.666667,13.333334,6.166667],"tintindex":0,"rotation":0,"texture":"#0"},"up":{"uv":[10.666667,2.6666667,9.833334,2.1666667],"tintindex":0,"rotation":0,"texture":"#0"},"down":{"uv":[13.0,0.0,12.166667,0.5],"tintindex":0,"rotation":0,"texture":"#0"}}}],"display":{"gui":{"rotation":[30,225,0]}}}