{"textures":{"0":"modelengine:entity/bl_flying_spider"},"elements":[{"from":[6.295,2.2660003,7.205],"to":[8.295,12.266,9.205],"faces":{"east":{"uv":[0.6666667,12.0,1.0,13.666667],"tintindex":0,"rotation":0,"texture":"#0"},"south":{"uv":[1.0,12.0,1.3333334,13.666667],"tintindex":0,"rotation":0,"texture":"#0"},"north":{"uv":[0.33333334,12.0,0.6666667,13.666667],"tintindex":0,"rotation":0,"texture":"#0"},"west":{"uv":[12.0,1.6666667,12.333334,3.3333335],"tintindex":0,"rotation":0,"texture":"#0"},"up":{"uv":[4.3333335,14.166667,4.0,13.833334],"tintindex":0,"rotation":0,"texture":"#0"},"down":{"uv":[6.8333335,13.833334,6.5,14.166667],"tintindex":0,"rotation":0,"texture":"#0"}}}],"display":{"gui":{"rotation":[30,225,0]}}}