{"textures":{"0":"modelengine:entity/bl_flying_spider"},"elements":[{"from":[3.2499995,6.499999,6.5],"to":[8.25,9.5,9.5],"faces":{"east":{"uv":[12.833334,6.166667,13.333334,6.666667],"tintindex":0,"rotation":0,"texture":"#0"},"south":{"uv":[12.166667,1.0,13.0,1.5],"tintindex":0,"rotation":0,"texture":"#0"},"north":{"uv":[12.166667,0.5,13.0,1.0],"tintindex":0,"rotation":0,"texture":"#0"},"west":{"uv":[6.5,12.833334,7.0,13.333334],"tintindex":0,"rotation":0,"texture":"#0"},"up":{"uv":[5.3333335,12.666667,4.5,12.166667],"tintindex":0,"rotation":0,"texture":"#0"},"down":{"uv":[6.166667,12.166667,5.3333335,12.666667],"tintindex":0,"rotation":0,"texture":"#0"}}}],"display":{"gui":{"rotation":[30,225,0]}}}