{"textures":{"0":"modelengine:entity/bl_flying_spider"},"elements":[{"from":[9.0,8.0,7.0],"to":[10.0,9.0,8.0],"faces":{"east":{"uv":[8.166667,7.166667,8.333334,7.3333335],"tintindex":0,"rotation":0,"texture":"#0"},"south":{"uv":[8.333334,3.5,8.5,3.6666667],"tintindex":0,"rotation":0,"texture":"#0"},"north":{"uv":[8.0,7.166667,8.166667,7.3333335],"tintindex":0,"rotation":0,"texture":"#0"},"west":{"uv":[8.333334,7.166667,8.5,7.3333335],"tintindex":0,"rotation":0,"texture":"#0"},"up":{"uv":[8.666667,3.6666667,8.5,3.5],"tintindex":0,"rotation":0,"texture":"#0"},"down":{"uv":[8.666667,7.166667,8.5,7.3333335],"tintindex":0,"rotation":0,"texture":"#0"}}}],"display":{"gui":{"rotation":[30,225,0]}}}