{"textures":{"0":"modelengine:entity/bl_flying_spider"},"elements":[{"from":[4.5,4.9857006,8.72649],"to":[11.5,11.985701,14.72649],"faces":{"east":{"uv":[9.5,5.3333335,10.5,6.5],"tintindex":0,"rotation":0,"texture":"#0"},"south":{"uv":[4.5,9.166667,5.666667,10.333334],"tintindex":0,"rotation":0,"texture":"#0"},"north":{"uv":[8.666667,8.833334,9.833334,10.0],"tintindex":0,"rotation":0,"texture":"#0"},"west":{"uv":[9.833334,0.0,10.833334,1.1666667],"tintindex":0,"rotation":0,"texture":"#0"},"up":{"uv":[10.333334,8.833334,9.166667,7.8333335],"tintindex":0,"rotation":0,"texture":"#0"},"down":{"uv":[11.0,1.1666667,9.833334,2.1666667],"tintindex":0,"rotation":0,"texture":"#0"}}}],"display":{"gui":{"rotation":[30,225,0]}}}