{"textures":{"0":"modelengine:entity/bl_flying_spider"},"elements":[{"from":[6.30371,-1.9957094,6.5],"to":[9.30371,9.00429,9.5],"faces":{"east":{"uv":[5.5,10.333334,6.0,12.166667],"tintindex":0,"rotation":0,"texture":"#0"},"south":{"uv":[6.0,10.333334,6.5,12.166667],"tintindex":0,"rotation":0,"texture":"#0"},"north":{"uv":[5.0,10.333334,5.5,12.166667],"tintindex":0,"rotation":0,"texture":"#0"},"west":{"uv":[10.333334,6.5,10.833334,8.333334],"tintindex":0,"rotation":0,"texture":"#0"},"up":{"uv":[13.333334,9.166667,12.833334,8.666667],"tintindex":0,"rotation":0,"texture":"#0"},"down":{"uv":[13.333334,9.166667,12.833334,9.666667],"tintindex":0,"rotation":0,"texture":"#0"}}}],"display":{"gui":{"rotation":[30,225,0]}}}