{"textures":{"0":"modelengine:entity/bl_flying_spider"},"elements":[{"from":[7.5,-5.0,7.5],"to":[8.5,8.0,8.5],"faces":{"east":{"uv":[12.333334,9.0,12.5,11.166667],"tintindex":0,"rotation":0,"texture":"#0"},"south":{"uv":[12.333334,11.166667,12.5,13.333334],"tintindex":0,"rotation":0,"texture":"#0"},"north":{"uv":[8.5,12.333334,8.666667,14.5],"tintindex":0,"rotation":0,"texture":"#0"},"west":{"uv":[7.3333335,12.5,7.5,14.666667],"tintindex":0,"rotation":0,"texture":"#0"},"up":{"uv":[9.833334,10.666667,9.666667,10.5],"tintindex":0,"rotation":0,"texture":"#0"},"down":{"uv":[10.333334,10.666667,10.166667,10.833334],"tintindex":0,"rotation":0,"texture":"#0"}}}],"display":{"gui":{"rotation":[30,225,0]}}}