{"textures":{"0":"modelengine:entity/bl_flying_spider"},"elements":[{"from":[7.5,-5.0,7.5],"to":[8.5,8.0,8.5],"faces":{"east":{"uv":[7.666667,12.5,7.8333335,14.666667],"tintindex":0,"rotation":0,"texture":"#0"},"south":{"uv":[7.8333335,12.5,8.0,14.666667],"tintindex":0,"rotation":0,"texture":"#0"},"north":{"uv":[7.5,12.5,7.666667,14.666667],"tintindex":0,"rotation":0,"texture":"#0"},"west":{"uv":[8.0,12.5,8.166667,14.666667],"tintindex":0,"rotation":0,"texture":"#0"},"up":{"uv":[11.0,0.16666667,10.833334,0.0],"tintindex":0,"rotation":0,"texture":"#0"},"down":{"uv":[11.0,0.16666667,10.833334,0.33333334],"tintindex":0,"rotation":0,"texture":"#0"}}}],"display":{"gui":{"rotation":[30,225,0]}}}