{"textures":{"0":"modelengine:entity/bl_flying_spider"},"elements":[{"from":[8.0,2.9999995,6.5],"to":[8.0,8.0,9.5],"faces":{"east":{"uv":[2.3333335,12.333334,2.8333335,13.166667],"tintindex":0,"rotation":0,"texture":"#0"},"west":{"uv":[12.333334,2.3333335,12.833334,3.1666667],"tintindex":0,"rotation":0,"texture":"#0"}}}],"display":{"gui":{"rotation":[30,225,0]}}}