{"textures":{"0":"modelengine:entity/bl_flying_spider"},"elements":[{"from":[7.5,-6.0,7.5],"to":[8.5,7.0,8.5],"faces":{"east":{"uv":[7.166667,12.666667,7.3333335,14.833334],"tintindex":0,"rotation":0,"texture":"#0"},"south":{"uv":[12.666667,9.0,12.833334,11.166667],"tintindex":0,"rotation":0,"texture":"#0"},"north":{"uv":[7.0,12.666667,7.166667,14.833334],"tintindex":0,"rotation":0,"texture":"#0"},"west":{"uv":[12.666667,11.166667,12.833334,13.333334],"tintindex":0,"rotation":0,"texture":"#0"},"up":{"uv":[10.333334,11.166667,10.166667,11.0],"tintindex":0,"rotation":0,"texture":"#0"},"down":{"uv":[11.333334,5.5,11.166667,5.666667],"tintindex":0,"rotation":0,"texture":"#0"}}}],"display":{"gui":{"rotation":[30,225,0]}}}