{"textures":{"0":"modelengine:entity/bl_flying_spider"},"elements":[{"from":[7.5,-5.0,7.5],"to":[8.5,8.0,8.5],"faces":{"east":{"uv":[5.0,12.666667,5.166667,14.833334],"tintindex":0,"rotation":0,"texture":"#0"},"south":{"uv":[5.166667,12.666667,5.3333335,14.833334],"tintindex":0,"rotation":0,"texture":"#0"},"north":{"uv":[4.8333335,12.666667,5.0,14.833334],"tintindex":0,"rotation":0,"texture":"#0"},"west":{"uv":[5.3333335,12.666667,5.5,14.833334],"tintindex":0,"rotation":0,"texture":"#0"},"up":{"uv":[11.0,1.1666667,10.833334,1.0],"tintindex":0,"rotation":0,"texture":"#0"},"down":{"uv":[10.333334,10.833334,10.166667,11.0],"tintindex":0,"rotation":0,"texture":"#0"}}}],"display":{"gui":{"rotation":[30,225,0]}}}