{"textures":{"0":"modelengine:entity/bl_flying_spider"},"elements":[{"from":[7.37588,5.3078504,7.0],"to":[9.375879,8.30785,9.0],"faces":{"east":{"uv":[13.5,0.5,13.833334,1.0],"tintindex":0,"rotation":0,"texture":"#0"},"south":{"uv":[13.5,1.0,13.833334,1.5],"tintindex":0,"rotation":0,"texture":"#0"},"north":{"uv":[13.5,0.0,13.833334,0.5],"tintindex":0,"rotation":0,"texture":"#0"},"west":{"uv":[1.3333334,13.5,1.6666667,14.0],"tintindex":0,"rotation":0,"texture":"#0"},"up":{"uv":[14.166667,3.6666667,13.833334,3.3333335],"tintindex":0,"rotation":0,"texture":"#0"},"down":{"uv":[14.166667,3.6666667,13.833334,4.0],"tintindex":0,"rotation":0,"texture":"#0"}}}],"display":{"gui":{"rotation":[30,225,0]}}}