{"textures":{"0":"modelengine:entity/bl_flying_spider"},"elements":[{"from":[7.0,4.52394,6.28303],"to":[9.0,8.52394,8.28303],"faces":{"east":{"uv":[9.166667,3.0,9.5,3.6666667],"tintindex":0,"rotation":0,"texture":"#0"},"south":{"uv":[7.3333335,9.166667,7.666667,9.833334],"tintindex":0,"rotation":0,"texture":"#0"},"north":{"uv":[8.833334,6.666667,9.166667,7.3333335],"tintindex":0,"rotation":0,"texture":"#0"},"west":{"uv":[7.3333335,9.833334,7.666667,10.5],"tintindex":0,"rotation":0,"texture":"#0"},"up":{"uv":[14.0,5.166667,13.666667,4.8333335],"tintindex":0,"rotation":0,"texture":"#0"},"down":{"uv":[14.0,5.8333335,13.666667,6.166667],"tintindex":0,"rotation":0,"texture":"#0"}}}],"display":{"gui":{"rotation":[30,225,0]}}}