{"textures":{"0":"modelengine:entity/bl_flying_spider"},"elements":[{"from":[6.69629,-1.9957209,6.5],"to":[9.69629,9.00428,9.5],"faces":{"east":{"uv":[10.666667,4.0,11.166667,5.8333335],"tintindex":0,"rotation":0,"texture":"#0"},"south":{"uv":[7.3333335,10.666667,7.8333335,12.5],"tintindex":0,"rotation":0,"texture":"#0"},"north":{"uv":[10.666667,2.1666667,11.166667,4.0],"tintindex":0,"rotation":0,"texture":"#0"},"west":{"uv":[7.8333335,10.666667,8.333334,12.5],"tintindex":0,"rotation":0,"texture":"#0"},"up":{"uv":[13.333334,12.166667,12.833334,11.666667],"tintindex":0,"rotation":0,"texture":"#0"},"down":{"uv":[13.333334,12.166667,12.833334,12.666667],"tintindex":0,"rotation":0,"texture":"#0"}}}],"display":{"gui":{"rotation":[30,225,0]}}}