{"textures":{"0":"modelengine:entity/bl_flying_spider"},"elements":[{"from":[7.5,-5.0,7.5],"to":[8.5,8.0,8.5],"faces":{"east":{"uv":[12.5,11.166667,12.666667,13.333334],"tintindex":0,"rotation":0,"texture":"#0"},"south":{"uv":[4.5,12.666667,4.666667,14.833334],"tintindex":0,"rotation":0,"texture":"#0"},"north":{"uv":[10.0,12.5,10.166667,14.666667],"tintindex":0,"rotation":0,"texture":"#0"},"west":{"uv":[4.666667,12.666667,4.8333335,14.833334],"tintindex":0,"rotation":0,"texture":"#0"},"up":{"uv":[11.0,0.8333334,10.833334,0.6666667],"tintindex":0,"rotation":0,"texture":"#0"},"down":{"uv":[11.0,0.8333334,10.833334,1.0],"tintindex":0,"rotation":0,"texture":"#0"}}}],"display":{"gui":{"rotation":[30,225,0]}}}