{"textures":{"0":"modelengine:entity/bl_flying_spider"},"elements":[{"from":[7.3758802,5.30785,7.0],"to":[9.37588,8.30785,9.0],"faces":{"east":{"uv":[2.0,13.5,2.3333335,14.0],"tintindex":0,"rotation":0,"texture":"#0"},"south":{"uv":[2.3333335,13.5,2.6666667,14.0],"tintindex":0,"rotation":0,"texture":"#0"},"north":{"uv":[1.6666667,13.5,2.0,14.0],"tintindex":0,"rotation":0,"texture":"#0"},"west":{"uv":[2.6666667,13.5,3.0,14.0],"tintindex":0,"rotation":0,"texture":"#0"},"up":{"uv":[11.166667,14.166667,10.833334,13.833334],"tintindex":0,"rotation":0,"texture":"#0"},"down":{"uv":[11.5,13.833334,11.166667,14.166667],"tintindex":0,"rotation":0,"texture":"#0"}}}],"display":{"gui":{"rotation":[30,225,0]}}}