{"textures":{"0":"modelengine:entity/nm_orca_texture"},"elements":[{"from":[-3.5,6.99022,-12.151379],"to":[19.5,9.990219,-12.151379],"faces":{"south":{"uv":[10.1875,4.75,8.6875,4.5625],"tintindex":0,"rotation":0,"texture":"#0"},"north":{"uv":[8.6875,4.75,10.1875,4.5625],"tintindex":0,"rotation":0,"texture":"#0"}}},{"from":[-5.0,0.040219784,-13.151379],"to":[21.0,7.99022,7.8486195],"faces":{"east":{"uv":[8.1875,4.875,9.5,5.375],"tintindex":0,"rotation":0,"texture":"#0"},"south":{"uv":[7.9375,7.875,9.5625,8.375],"tintindex":0,"rotation":0,"texture":"#0"},"north":{"uv":[0.0,7.9375,1.625,8.4375],"tintindex":0,"rotation":0,"texture":"#0"},"west":{"uv":[8.1875,5.4375,9.5,5.9375],"tintindex":0,"rotation":0,"texture":"#0"},"up":{"uv":[7.4375,1.3125,5.8125,0.0],"tintindex":0,"rotation":0,"texture":"#0"},"down":{"uv":[7.4375,1.375,5.8125,2.6875],"tintindex":0,"rotation":0,"texture":"#0"}}},{"from":[19.5,6.99022,-12.151379],"to":[19.5,9.990219,5.8486195],"faces":{"east":{"uv":[10.0625,1.9375,8.9375,1.75],"tintindex":0,"rotation":0,"texture":"#0"},"west":{"uv":[8.9375,1.9375,10.0625,1.75],"tintindex":0,"rotation":0,"texture":"#0"}}},{"from":[-3.5,6.99022,-12.151379],"to":[-3.5,9.990219,5.8486195],"faces":{"east":{"uv":[10.0625,1.9375,8.9375,1.75],"tintindex":0,"rotation":0,"texture":"#0"},"west":{"uv":[8.9375,1.9375,10.0625,1.75],"tintindex":0,"rotation":0,"texture":"#0"}}}],"display":{"gui":{"rotation":[30,225,0]}}}