{"textures":{"0":"modelengine:entity/nm_orca_texture"},"elements":[{"from":[5.323225,6.5,13.27339],"to":[11.323225,10.0,24.27339],"faces":{"east":{"uv":[3.0625,8.25,1.6875,8.6875],"tintindex":0,"rotation":0,"texture":"#0"},"south":{"uv":[9.3125,6.8125,8.5625,7.25],"tintindex":0,"rotation":0,"texture":"#0"},"north":{"uv":[9.3125,6.3125,8.5625,6.75],"tintindex":0,"rotation":0,"texture":"#0"},"west":{"uv":[8.875,2.25,7.5,2.6875],"tintindex":0,"rotation":0,"texture":"#0"},"up":{"uv":[5.6875,8.5625,6.4375,7.1875],"tintindex":0,"rotation":0,"texture":"#0"},"down":{"uv":[7.5,0.0,8.25,1.375],"tintindex":0,"rotation":0,"texture":"#0"}},"rotation":{"origin":[7.823225,8.0,10.52339],"angle":45.0,"axis":"y"}},{"from":[4.676775,6.5,7.27339],"to":[10.676775,10.0,13.27339],"faces":{"east":{"uv":[5.6875,8.625,6.4375,9.0625],"tintindex":0,"rotation":0,"texture":"#0"},"south":{"uv":[8.6875,3.5625,9.4375,4.0],"tintindex":0,"rotation":0,"texture":"#0"},"north":{"uv":[8.5625,7.3125,9.3125,7.75],"tintindex":0,"rotation":0,"texture":"#0"},"west":{"uv":[8.6875,4.0625,9.4375,4.5],"tintindex":0,"rotation":0,"texture":"#0"},"up":{"uv":[3.875,9.0,3.125,8.25],"tintindex":0,"rotation":0,"texture":"#0"},"down":{"uv":[9.0625,2.75,8.3125,3.5],"tintindex":0,"rotation":0,"texture":"#0"}},"rotation":{"origin":[8.176775,8.0,10.52339],"angle":-45.0,"axis":"y"}},{"from":[4.676775,6.5,13.27339],"to":[10.676775,10.0,24.27339],"faces":{"east":{"uv":[7.5,2.25,8.875,2.6875],"tintindex":0,"rotation":0,"texture":"#0"},"south":{"uv":[8.5625,6.8125,9.3125,7.25],"tintindex":0,"rotation":0,"texture":"#0"},"north":{"uv":[8.5625,6.3125,9.3125,6.75],"tintindex":0,"rotation":0,"texture":"#0"},"west":{"uv":[1.6875,8.25,3.0625,8.6875],"tintindex":0,"rotation":0,"texture":"#0"},"up":{"uv":[6.4375,8.5625,5.6875,7.1875],"tintindex":0,"rotation":0,"texture":"#0"},"down":{"uv":[8.25,0.0,7.5,1.375],"tintindex":0,"rotation":0,"texture":"#0"}},"rotation":{"origin":[8.176775,8.0,10.52339],"angle":-45.0,"axis":"y"}}],"display":{"gui":{"rotation":[30,225,0]}}}