{"textures":{"0":"modelengine:entity/bl_toxin_spider"},"elements":[{"from":[5.17015,8.0,5.81603],"to":[9.17015,8.0,9.8160305],"faces":{"up":{"uv":[11.5,4.8333335,10.833334,4.166667],"tintindex":0,"rotation":0,"texture":"#0"},"down":{"uv":[11.5,4.8333335,10.833334,5.5],"tintindex":0,"rotation":0,"texture":"#0"}}}],"display":{"gui":{"rotation":[30,225,0]}}}