{"textures":{"0":"modelengine:entity/bl_toxin_spider"},"elements":[{"from":[6.53081,12.36323,7.0],"to":[6.53081,16.36323,9.0],"faces":{"east":{"uv":[3.5,12.666667,3.8333335,13.333334],"tintindex":0,"rotation":0,"texture":"#0"},"west":{"uv":[12.666667,5.666667,13.0,6.3333335],"tintindex":0,"rotation":0,"texture":"#0"}}},{"from":[5.53081,7.3632298,7.0],"to":[7.53081,12.36323,9.0],"faces":{"east":{"uv":[11.833334,1.6666667,12.166667,2.5],"tintindex":0,"rotation":0,"texture":"#0"},"south":{"uv":[11.833334,2.5,12.166667,3.3333335],"tintindex":0,"rotation":0,"texture":"#0"},"north":{"uv":[11.833334,0.8333334,12.166667,1.6666667],"tintindex":0,"rotation":0,"texture":"#0"},"west":{"uv":[3.0,11.833334,3.3333335,12.666667],"tintindex":0,"rotation":0,"texture":"#0"},"up":{"uv":[13.333334,9.0,13.0,8.666667],"tintindex":0,"rotation":0,"texture":"#0"},"down":{"uv":[13.333334,9.0,13.0,9.333334],"tintindex":0,"rotation":0,"texture":"#0"}}}],"display":{"gui":{"rotation":[30,225,0]}}}