{"textures":{"0":"modelengine:entity/bl_toxin_spider"},"elements":[{"from":[6.89782,3.35211,7.29414],"to":[8.8978195,9.35211,9.29414],"faces":{"east":{"uv":[11.166667,6.8333335,10.833334,7.8333335],"tintindex":0,"rotation":0,"texture":"#0"},"south":{"uv":[9.666667,10.666667,9.333334,11.666667],"tintindex":0,"rotation":0,"texture":"#0"},"north":{"uv":[7.666667,0.0,7.3333335,1.0],"tintindex":0,"rotation":0,"texture":"#0"},"west":{"uv":[8.0,6.0,7.666667,7.0],"tintindex":0,"rotation":0,"texture":"#0"},"up":{"uv":[5.8333335,4.3333335,6.166667,4.0],"tintindex":0,"rotation":0,"texture":"#0"},"down":{"uv":[7.3333335,1.0,7.666667,1.3333334],"tintindex":0,"rotation":0,"texture":"#0"}}}],"display":{"gui":{"rotation":[30,225,0]}}}