{"textures":{"0":"modelengine:entity/bl_toxin_spider"},"elements":[{"from":[6.705,-0.7340002,6.295],"to":[9.705,17.265999,9.295],"faces":{"east":{"uv":[2.0,7.3333335,2.5,10.333334],"tintindex":0,"rotation":0,"texture":"#0"},"south":{"uv":[2.5,7.3333335,3.0,10.333334],"tintindex":0,"rotation":0,"texture":"#0"},"north":{"uv":[1.5,7.3333335,2.0,10.333334],"tintindex":0,"rotation":0,"texture":"#0"},"west":{"uv":[6.0,7.5,6.5,10.5],"tintindex":0,"rotation":0,"texture":"#0"},"up":{"uv":[12.666667,9.333334,12.166667,8.833334],"tintindex":0,"rotation":0,"texture":"#0"},"down":{"uv":[12.666667,9.333334,12.166667,9.833334],"tintindex":0,"rotation":0,"texture":"#0"}}}],"display":{"gui":{"rotation":[30,225,0]}}}