{"textures":{"0":"modelengine:entity/bl_toxin_spider"},"elements":[{"from":[6.7050004,-0.73399925,6.705],"to":[9.705,17.266,9.705],"faces":{"east":{"uv":[3.5,5.8333335,4.0,8.833334],"tintindex":0,"rotation":0,"texture":"#0"},"south":{"uv":[4.0,5.8333335,4.5,8.833334],"tintindex":0,"rotation":0,"texture":"#0"},"north":{"uv":[3.0,5.8333335,3.5,8.833334],"tintindex":0,"rotation":0,"texture":"#0"},"west":{"uv":[6.166667,1.5,6.666667,4.5],"tintindex":0,"rotation":0,"texture":"#0"},"up":{"uv":[12.666667,6.3333335,12.166667,5.8333335],"tintindex":0,"rotation":0,"texture":"#0"},"down":{"uv":[12.666667,6.3333335,12.166667,6.8333335],"tintindex":0,"rotation":0,"texture":"#0"}}}],"display":{"gui":{"rotation":[30,225,0]}}}