{"textures":{"0":"modelengine:entity/bl_toxin_spider"},"elements":[{"from":[5.5,1.5,5.499999],"to":[10.5,8.5,10.5],"faces":{"east":{"uv":[9.166667,3.1666667,10.0,4.3333335],"tintindex":0,"rotation":0,"texture":"#0"},"south":{"uv":[9.166667,4.3333335,10.0,5.5],"tintindex":0,"rotation":0,"texture":"#0"},"north":{"uv":[9.166667,2.0,10.0,3.1666667],"tintindex":0,"rotation":0,"texture":"#0"},"west":{"uv":[9.0,9.5,9.833334,10.666667],"tintindex":0,"rotation":0,"texture":"#0"},"up":{"uv":[11.666667,3.3333335,10.833334,2.5],"tintindex":0,"rotation":0,"texture":"#0"},"down":{"uv":[11.666667,3.3333335,10.833334,4.166667],"tintindex":0,"rotation":0,"texture":"#0"}}}],"display":{"gui":{"rotation":[30,225,0]}}}