{"textures":{"0":"modelengine:entity/bl_toxin_spider"},"elements":[{"from":[9.469191,12.36323,7.0],"to":[9.469191,16.36323,9.0],"faces":{"east":{"uv":[13.0,5.666667,12.666667,6.3333335],"tintindex":0,"rotation":0,"texture":"#0"},"west":{"uv":[3.8333335,12.666667,3.5,13.333334],"tintindex":0,"rotation":0,"texture":"#0"}}},{"from":[8.469191,7.3632298,7.0],"to":[10.469191,12.36323,9.0],"faces":{"east":{"uv":[3.3333335,11.833334,3.0,12.666667],"tintindex":0,"rotation":0,"texture":"#0"},"south":{"uv":[12.166667,2.5,11.833334,3.3333335],"tintindex":0,"rotation":0,"texture":"#0"},"north":{"uv":[12.166667,0.8333334,11.833334,1.6666667],"tintindex":0,"rotation":0,"texture":"#0"},"west":{"uv":[12.166667,1.6666667,11.833334,2.5],"tintindex":0,"rotation":0,"texture":"#0"},"up":{"uv":[13.0,9.0,13.333334,8.666667],"tintindex":0,"rotation":0,"texture":"#0"},"down":{"uv":[13.0,9.0,13.333334,9.333334],"tintindex":0,"rotation":0,"texture":"#0"}}}],"display":{"gui":{"rotation":[30,225,0]}}}