{"textures":{"0":"modelengine:entity/bl_toxin_spider"},"elements":[{"from":[8.46919,7.3632298,7.0],"to":[10.46919,12.36323,9.0],"faces":{"east":{"uv":[12.166667,4.166667,11.833334,5.0],"tintindex":0,"rotation":0,"texture":"#0"},"south":{"uv":[4.0,11.833334,3.6666667,12.666667],"tintindex":0,"rotation":0,"texture":"#0"},"north":{"uv":[3.6666667,11.833334,3.3333335,12.666667],"tintindex":0,"rotation":0,"texture":"#0"},"west":{"uv":[12.166667,3.3333335,11.833334,4.166667],"tintindex":0,"rotation":0,"texture":"#0"},"up":{"uv":[13.0,10.333334,13.333334,10.0],"tintindex":0,"rotation":0,"texture":"#0"},"down":{"uv":[13.0,10.333334,13.333334,10.666667],"tintindex":0,"rotation":0,"texture":"#0"}}},{"from":[9.46919,12.36323,7.0],"to":[9.46919,16.36323,9.0],"faces":{"east":{"uv":[13.0,7.0,12.666667,7.666667],"tintindex":0,"rotation":0,"texture":"#0"},"west":{"uv":[13.0,6.3333335,12.666667,7.0],"tintindex":0,"rotation":0,"texture":"#0"}}}],"display":{"gui":{"rotation":[30,225,0]}}}