{"textures":{"0":"modelengine:entity/bl_toxin_spider"},"elements":[{"from":[7.0,5.95,7.0],"to":[11.0,7.95,9.0],"faces":{"east":{"uv":[10.166667,5.5,9.833334,5.8333335],"tintindex":0,"rotation":0,"texture":"#0"},"south":{"uv":[13.166667,1.3333334,12.5,1.6666667],"tintindex":0,"rotation":0,"texture":"#0"},"north":{"uv":[13.166667,1.0,12.5,1.3333334],"tintindex":0,"rotation":0,"texture":"#0"},"west":{"uv":[8.0,7.0,7.666667,7.3333335],"tintindex":0,"rotation":0,"texture":"#0"},"up":{"uv":[12.5,2.0,13.166667,1.6666667],"tintindex":0,"rotation":0,"texture":"#0"},"down":{"uv":[12.5,2.0,13.166667,2.3333335],"tintindex":0,"rotation":0,"texture":"#0"}}}],"display":{"gui":{"rotation":[30,225,0]}}}