{"textures":{"0":"modelengine:entity/bl_toxin_spider"},"elements":[{"from":[6.4679394,-6.002371,7.014],"to":[8.467939,8.997629,9.014],"faces":{"east":{"uv":[10.166667,7.0,10.5,9.5],"tintindex":0,"rotation":0,"texture":"#0"},"south":{"uv":[8.0,10.166667,8.333334,12.666667],"tintindex":0,"rotation":0,"texture":"#0"},"north":{"uv":[10.166667,4.5,10.5,7.0],"tintindex":0,"rotation":0,"texture":"#0"},"west":{"uv":[8.333334,10.166667,8.666667,12.666667],"tintindex":0,"rotation":0,"texture":"#0"},"up":{"uv":[13.333334,9.666667,13.0,9.333334],"tintindex":0,"rotation":0,"texture":"#0"},"down":{"uv":[13.333334,9.666667,13.0,10.0],"tintindex":0,"rotation":0,"texture":"#0"}}}],"display":{"gui":{"rotation":[30,225,0]}}}