{"textures":{"0":"modelengine:entity/bl_toxin_spider"},"elements":[{"from":[6.54984,-6.0321903,7.014],"to":[8.549841,8.96781,9.014],"faces":{"east":{"uv":[5.666667,9.666667,6.0,12.166667],"tintindex":0,"rotation":0,"texture":"#0"},"south":{"uv":[9.833334,9.5,10.166667,12.0],"tintindex":0,"rotation":0,"texture":"#0"},"north":{"uv":[5.8333335,1.5,6.166667,4.0],"tintindex":0,"rotation":0,"texture":"#0"},"west":{"uv":[10.0,2.0,10.333334,4.5],"tintindex":0,"rotation":0,"texture":"#0"},"up":{"uv":[13.333334,8.333334,13.0,8.0],"tintindex":0,"rotation":0,"texture":"#0"},"down":{"uv":[13.333334,8.333334,13.0,8.666667],"tintindex":0,"rotation":0,"texture":"#0"}}}],"display":{"gui":{"rotation":[30,225,0]}}}