{"textures":{"0":"modelengine:entity/bl_toxin_spider"},"elements":[{"from":[6.8999996,7.8999996,7.0],"to":[8.9,9.9,9.0],"faces":{"east":{"uv":[0.33333334,13.0,0.6666667,13.333334],"tintindex":0,"rotation":0,"texture":"#0"},"south":{"uv":[13.0,0.33333334,13.333334,0.6666667],"tintindex":0,"rotation":0,"texture":"#0"},"north":{"uv":[13.0,0.0,13.333334,0.33333334],"tintindex":0,"rotation":0,"texture":"#0"},"west":{"uv":[0.6666667,13.0,1.0,13.333334],"tintindex":0,"rotation":0,"texture":"#0"},"up":{"uv":[13.333334,1.0,13.0,0.6666667],"tintindex":0,"rotation":0,"texture":"#0"},"down":{"uv":[1.3333334,13.0,1.0,13.333334],"tintindex":0,"rotation":0,"texture":"#0"}}}],"display":{"gui":{"rotation":[30,225,0]}}}