{"textures":{"0":"modelengine:entity/bl_toxin_spider"},"elements":[{"from":[7.2638006,-2.4060402,7.5],"to":[8.263801,8.59396,8.5],"faces":{"east":{"uv":[1.0,11.166667,1.1666667,13.0],"tintindex":0,"rotation":0,"texture":"#0"},"south":{"uv":[1.1666667,11.166667,1.3333334,13.0],"tintindex":0,"rotation":0,"texture":"#0"},"north":{"uv":[0.8333334,11.166667,1.0,13.0],"tintindex":0,"rotation":0,"texture":"#0"},"west":{"uv":[1.3333334,11.166667,1.5,13.0],"tintindex":0,"rotation":0,"texture":"#0"},"up":{"uv":[4.666667,6.666667,4.5,6.5],"tintindex":0,"rotation":0,"texture":"#0"},"down":{"uv":[6.166667,6.666667,6.0,6.8333335],"tintindex":0,"rotation":0,"texture":"#0"}}}],"display":{"gui":{"rotation":[30,225,0]}}}