{"textures":{"0":"modelengine:entity/bl_toxin_spider"},"elements":[{"from":[7.214,6.7139997,6.214],"to":[9.214,8.714,8.214001],"faces":{"east":{"uv":[12.833334,4.666667,13.166667,5.0],"tintindex":0,"rotation":0,"texture":"#0"},"south":{"uv":[9.666667,12.833334,10.0,13.166667],"tintindex":0,"rotation":0,"texture":"#0"},"north":{"uv":[12.833334,4.3333335,13.166667,4.666667],"tintindex":0,"rotation":0,"texture":"#0"},"west":{"uv":[10.0,12.833334,10.333334,13.166667],"tintindex":0,"rotation":0,"texture":"#0"},"up":{"uv":[12.5,13.166667,12.166667,12.833334],"tintindex":0,"rotation":0,"texture":"#0"},"down":{"uv":[0.33333334,13.0,0.0,13.333334],"tintindex":0,"rotation":0,"texture":"#0"}}}],"display":{"gui":{"rotation":[30,225,0]}}}