{"textures":{"0":"modelengine:entity/bl_toxin_spider"},"elements":[{"from":[7.5320606,-6.002371,7.014],"to":[9.532061,8.997629,9.014],"faces":{"east":{"uv":[8.666667,10.166667,8.333334,12.666667],"tintindex":0,"rotation":0,"texture":"#0"},"south":{"uv":[8.333334,10.166667,8.0,12.666667],"tintindex":0,"rotation":0,"texture":"#0"},"north":{"uv":[10.5,4.5,10.166667,7.0],"tintindex":0,"rotation":0,"texture":"#0"},"west":{"uv":[10.5,7.0,10.166667,9.5],"tintindex":0,"rotation":0,"texture":"#0"},"up":{"uv":[13.0,9.666667,13.333334,9.333334],"tintindex":0,"rotation":0,"texture":"#0"},"down":{"uv":[13.0,9.666667,13.333334,10.0],"tintindex":0,"rotation":0,"texture":"#0"}}}],"display":{"gui":{"rotation":[30,225,0]}}}