{"textures":{"0":"modelengine:entity/bl_toxin_spider"},"elements":[{"from":[7.5320606,-6.0023804,6.986],"to":[9.532061,8.99762,8.986],"faces":{"east":{"uv":[1.8333334,10.333334,1.5,12.833334],"tintindex":0,"rotation":0,"texture":"#0"},"south":{"uv":[10.666667,0.0,10.333334,2.5],"tintindex":0,"rotation":0,"texture":"#0"},"north":{"uv":[9.0,10.166667,8.666667,12.666667],"tintindex":0,"rotation":0,"texture":"#0"},"west":{"uv":[10.5,9.5,10.166667,12.0],"tintindex":0,"rotation":0,"texture":"#0"},"up":{"uv":[13.0,11.0,13.333334,10.666667],"tintindex":0,"rotation":0,"texture":"#0"},"down":{"uv":[13.0,11.0,13.333334,11.333334],"tintindex":0,"rotation":0,"texture":"#0"}}}],"display":{"gui":{"rotation":[30,225,0]}}}