{"textures":{"0":"modelengine:entity/bl_toxin_spider"},"elements":[{"from":[7.1,7.8999996,7.0],"to":[9.1,9.9,9.0],"faces":{"east":{"uv":[13.0,6.666667,13.333334,7.0],"tintindex":0,"rotation":0,"texture":"#0"},"south":{"uv":[7.0,13.0,7.3333335,13.333334],"tintindex":0,"rotation":0,"texture":"#0"},"north":{"uv":[6.666667,13.0,7.0,13.333334],"tintindex":0,"rotation":0,"texture":"#0"},"west":{"uv":[13.0,7.0,13.333334,7.3333335],"tintindex":0,"rotation":0,"texture":"#0"},"up":{"uv":[7.666667,13.333334,7.3333335,13.0],"tintindex":0,"rotation":0,"texture":"#0"},"down":{"uv":[13.333334,7.3333335,13.0,7.666667],"tintindex":0,"rotation":0,"texture":"#0"}}}],"display":{"gui":{"rotation":[30,225,0]}}}