{"textures":{"0":"modelengine:entity/bl_toxin_spider"},"elements":[{"from":[7.4977694,-2.4812202,7.5],"to":[8.497769,8.51878,8.5],"faces":{"east":{"uv":[11.5,6.8333335,11.333334,8.666667],"tintindex":0,"rotation":0,"texture":"#0"},"south":{"uv":[11.333334,10.5,11.166667,12.333334],"tintindex":0,"rotation":0,"texture":"#0"},"north":{"uv":[11.333334,6.8333335,11.166667,8.666667],"tintindex":0,"rotation":0,"texture":"#0"},"west":{"uv":[11.333334,8.666667,11.166667,10.5],"tintindex":0,"rotation":0,"texture":"#0"},"up":{"uv":[6.0,7.0,6.166667,6.8333335],"tintindex":0,"rotation":0,"texture":"#0"},"down":{"uv":[6.0,7.0,6.166667,7.166667],"tintindex":0,"rotation":0,"texture":"#0"}}}],"display":{"gui":{"rotation":[30,225,0]}}}